cik_str,ticker
1,SPY
2,CSCO
3,UNH
4,QQQ
5,TTE
6,BA
7,DE
8,HON
9,BTI
10,COF
11,GLD
12,CVS
13,BNS
14,IAU
15,UPS
16,CSX
17,GM
18,ELV
19,CNI
20,APD
21,MPC
22,ET
23,NET
24,BE
25,CRWV
26,LITE
27,BMWKY
28,AFL
29,OXY
30,PSA
31,NXPI
32,FANG
33,F
34,SNOW
35,DEO
36,SCMWY
37,RKT
38,CBRE
39,KR
40,RBLX
41,NBIS
42,HSY
43,GBTC
44,DIA
45,TTWO
46,SATS
47,CCI
48,ROP
49,MDY
50,QSR
51,IRM
52,KVUE
53,INSM
54,ADM
55,DOW
56,DVN
57,EL
58,CFG
59,CHTR
60,DG
61,PBA
62,SLV
63,TELNY
64,RF
65,AVB
66,OMC
67,HUM
68,LYB
69,BEP
70,EFX
71,JBHT
72,LUV
73,CIB
74,ASBHY
75,BCH
76,RIVN
77,DKS
78,TU
79,FTV
80,AMCR
81,FLUT
82,GIS
83,MKSI
84,TRMOY
85,YPF
86,SGI
87,NIO
88,CLH
89,TLN
90,TEAM
91,WPC
92,OVV
93,H
94,ASND
95,GPC
96,MAA
97,WCC
98,BBIO
99,USO
100,CAR
101,CNH
102,PNFP
103,CRRFY
104,GFL
105,ALLY
106,AKAM
107,UNM
108,IONS
109,JAZZ
110,PSKY
111,CRBG
112,PL
113,DOC
114,CONE
115,SCI
116,GH
117,BLD
118,EQH
119,AFG
120,LGN
121,GIL
122,BPYPP
123,FPS
124,PAG
125,TFII
126,GSAT
127,BZLFY
128,OGE
129,KNX
130,MGM
131,UHAL
132,SJM
133,W
134,BLDR
135,RBRK
136,FNMA
137,SNAP
138,BPOP
139,AXSM
140,ARWR
141,GLXY
142,BAX
143,ACI
144,APLD
145,LINE
146,TEM
147,WULF
148,R
149,GDS
150,FR
151,NUVL
152,TAP
153,MSGS
154,CYTK
155,LUMN
156,SIRI
157,ARE
158,IBRX
159,VSAT
160,BEPC
161,FRO
162,CIFR
163,JXN
164,VFC
165,CE
166,LBRDA
167,MTDR
168,AN
169,RIOT
170,STWD
171,JBTM
172,JAN
173,SM
174,LAD
175,WH
176,GXO
177,CHDN
178,NSA
179,GBCI
180,KMX
181,SFGYY
182,CPB
183,ACT
184,REZI
185,MTG
186,CORZ
187,NXST
188,FLG
189,MIRM
190,CELC
191,MAC
192,ESNT
193,CRC
194,RITM
195,HWC
196,CZR
197,IMVT
198,MUR
199,CLF
200,MATX
201,RLI
202,COMP
203,RAL
204,POST
205,BIPC
206,OUT
207,BC
208,XNDU
209,TEO
210,BDC
211,ALH
212,KC
213,SYRE
214,BTDPY
215,TNL
216,IEP
217,AQN
218,FBIN
219,GPGI
220,LMND
221,RDN
222,NGXXF
223,EBC
224,FMCC
225,MTN
226,OSCR
227,FOLD
228,MAUTF
229,MDU
230,RDNT
231,MEOH
232,SLGN
233,ALHC
234,OPEN
235,CSAN
236,TBBB
237,VKTX
238,CNO
239,GPI
240,ABG
241,TAC
242,CRGY
243,MARA
244,IRTC
245,DNP
246,INDB
247,VSCO
248,CUZ
249,NEXHY
250,TVTX
251,HHH
252,HGV
253,LUNR
254,WPP
255,NTSK
256,PATK
257,CATY
258,TLX
259,COLD
260,UCTT
261,WSC
262,HRI
263,CC
264,FUL
265,HYPMY
266,GTLB
267,LQDA
268,DNN
269,AAP
270,BXMT
271,BKD
272,BBAR
273,SMR
274,PII
275,LION
276,PI
277,DBC
278,OLN
279,BATRA
280,PTXKY
281,ZIM
282,SUNC
283,NIQ
284,WK
285,MANU
286,SLG
287,MPT
288,SFNC
289,ARX
290,RUN
291,BTDR
292,UNFI
293,LCID
294,GPK
295,BANC
296,FBK
297,CLMT
298,CVBF
299,HPP
300,NOG
301,UAA
302,BBT
303,SMSEY
304,HE
305,MH
306,TMC
307,VRNS
308,WAFD
309,ARCB
310,RH
311,AAPG
312,TSCFY
313,XRAY
314,FBNC
315,ACHC
316,VNET
317,BW
318,RARE
319,AYR
320,CPRI
321,EXTR
322,DK
323,GUYGF
324,NKTR
325,VAC
326,PK
327,TSAT
328,KYN
329,NSIT
330,OGN
331,XMTR
332,MLYS
333,NN
334,DRVN
335,HTZ
336,FMC
337,SNDX
338,BWIN
339,EFSC
340,EOSE
341,TENB
342,MAAS
343,GEL
344,FA
345,PENN
346,JBLU
347,FUN
348,WLY
349,GNL
350,PTON
351,GTY
352,ANAB
353,COTY
354,DEI
355,MDCOY
356,NEXT
357,GT
358,SGML
359,ESTA
360,GSG
361,AGRO
362,VET
363,PDO
364,EYUBY
365,SOC
366,CURLF
367,BVC
368,LU
369,VERX
370,NAC
371,ATEN
372,SID
373,VOYG
374,DHC
375,FLO
376,ATEC
377,CNXC
378,AHCO
379,SLSR
380,NWL
381,KEEL
382,SGRY
383,LOB
384,FLNG
385,ALGT
386,OI
387,CTOS
388,WD
389,ABR
390,GENB
391,TCBK
392,ADNT
393,SNDA
394,NGL
395,NVRI
396,LILA
397,ASTH
398,STBA
399,IMCR
400,PEB
401,BAK
402,NEXA
403,PRGO
404,BHVN
405,LEG
406,HOPE
407,GLP
408,ARDX
409,APC
410,NBTX
411,ARI
412,CLVT
413,KW
414,KOS
415,TROX
416,TFIN
417,DCH
418,KDK
419,TH
420,TNDM
421,IIPR
422,CNOB
423,SFL
424,DQ
425,IAUX
426,HROW
427,PGEN
428,SBET
429,OBK
430,BRAI
431,ENVX
432,AMRC
433,NXRT
434,SFDMY
435,IQ
436,TE
437,FOR
438,EBCRY
439,PSEC
440,HSLV
441,AZULQ
442,LADR
443,SVV
444,LIND
445,ASAN
446,SPH
447,LAR
448,WEN
449,DFH
450,CRI
451,PLTK
452,RYZ
453,PRA
454,HBNB
455,UAN
456,REAL
457,ALX
458,GOLD
459,JKS
460,DEA
461,VSTS
462,PCT
463,INBX
464,CCO
465,BTGO
466,BKSY
467,PRGS
468,RUPRF
469,QDEL
470,BFS
471,SVMB
472,TWO
473,NBR
474,TEN
475,LUCK
476,ARRY
477,IVA
478,CCOI
479,SBGI
480,WOLF
481,CRML
482,MLKN
483,EVV
484,MFIC
485,ABTC
486,OCFC
487,QURE
488,NAK
489,ACDC
490,EPC
491,XERS
492,SATL
493,NSP
494,KALV
495,CMP
496,URGN
497,RZLV
498,HEPS
499,MUC
500,PHAT
501,CFFN
502,EXPI
503,CPPKF
504,EMO
505,ARHS
506,SBSI
507,XRN
508,OXLC
509,EAI
510,XIFR
511,NEWP
512,LMRI
513,ACEL
514,VYX
515,EVEX
516,SIFY
517,FUEMF
518,PDM
519,JBGS
520,EEX
521,BMEZ
522,MGTX
523,MRLN
524,NRK
525,AIP
526,ULCC
527,SUPV
528,HBNC
529,AWF
530,CSIQ
531,VLRS
532,FTRE
533,NX
534,AMC
535,AEVA
536,BTX
537,IART
538,SVC
539,OMER
540,SLI
541,ABX
542,BCSF
543,MATW
544,SHEN
545,SMP
546,CGBD
547,HAFC
548,NMFC
549,TRST
550,FMNB
551,SKYH
552,HTBK
553,EGBN
554,SPRY
555,LDI
556,WOOF
557,NAVI
558,CTGO
559,CODI
560,RMIX
561,JBI
562,VOR
563,PURR
564,PRAA
565,BRSP
566,STKL
567,RWT
568,GSBC
569,PRCH
570,DBA
571,GDEN
572,ALOY
573,ETON
574,FOXF
575,THQ
576,OMDA
577,CAZGF
578,GMTL
579,AMN
580,GO
581,PGC
582,RBTK
583,RYAM
584,THM
585,FIP
586,TBLD
587,ADSE
588,MNTN
589,WRN
590,OFRM
591,HY
592,VIVK
593,TXO
594,OXM
595,DMII
596,GDOT
597,MTA
598,VMO
599,HOV
600,BZH
601,OBE
602,HZO
603,ALRS
604,SVA
605,SWRD
606,NKX
607,AMSF
608,FBRX
609,ARKO
610,URG
611,GOGO
612,GTN
613,EVOH
614,CBRL
615,UXIN
616,GEMI
617,AVR
618,EGY
619,FWRD
620,MRRDF
621,PHCI
622,EVAC
623,OCGN
624,IIM
625,IHRT
626,BHB
627,FBYD
628,NFBK
629,BETR
630,MVST
631,MMU
632,DNUT
633,DBO
634,CCXI
635,BAND
636,RHNO
637,VGM
638,NRGV
639,AEXA
640,ULH
641,VALN
642,MLAB
643,REAX
644,MG
645,ZURA
646,CARE
647,FFIC
648,VSTM
649,TWI
650,GDLC
651,VKQ
652,ASTL
653,CPS
654,HQ
655,MSC
656,INN
657,CABO
658,BWB
659,SXC
660,SWMR
661,IQI
662,TDUP
663,BALY
664,NPCE
665,BCSS
666,IFN
667,NXJ
668,GRPN
669,VCV
670,MSBI
671,MATV
672,EIM
673,ECC
674,AQST
675,MNRO
676,KRNY
677,FMAC
678,NWAX
679,OLP
680,PHDWY
681,ADCT
682,PIII
683,WEST
684,RGNX
685,BDN
686,MEVO
687,STRO
688,PACB
689,KRSP
690,GIW
691,ZDCAF
692,PLAY
693,MGMNF
694,GOTU
695,CRAN
696,TITN
697,GTEN
698,APXT
699,SEAH
700,CWH
701,NQP
702,ARMP
703,EBS
704,BGS
705,BXC
706,KBON
707,CAL
708,IEAG
709,MBVI
710,CYH
711,TLNC
712,YEXT
713,BMRC
714,IACO
715,CLLS
716,MESH
717,PSFE
718,DBCA
719,KRAQ
720,NOA
721,ENTA
722,KREF
723,BTQ
724,CZNC
725,WTBA
726,VRNO
727,ANGX
728,BCAR
729,SAAQ
730,OPTX
731,WTI
732,AKBA
733,PTOR
734,LSAK
735,ATNI
736,AUNA
737,KFII
738,XRPN
739,LEO
740,SMC
741,NUAI
742,CLBR
743,HELE
744,SSP
745,OEC
746,AUTL
747,CRAQ
748,OTLY
749,NPAC
750,CCIX
751,VKI
752,OOMA
753,RTAC
754,ISTR
755,CDZI
756,MBAV
757,BBCQ
758,ZKP
759,BBCP
760,ILPT
761,PCAP
762,RBB
763,CERS
764,NKLR
765,LTBR
766,TACO
767,RDAG
768,AVBC
769,LOGC
770,WENN
771,LNZA
772,MAGN
773,CION
774,HLLY
775,CTRN
776,APPS
777,GETY
778,HACQ
779,DBP
780,ADV
781,SRZN
782,LVWR
783,MCFT
784,CMTG
785,BBBY
786,FVAV
787,FCRS
788,SDHI
789,ISBA
790,GLSI
791,GIX
792,KTF
793,ALUB
794,DBI
795,NAN
796,CCII
797,SOPH
798,KLC
799,CGCT
800,IPCX
801,SCD
802,DMAA
803,INRE
804,KCHV
805,LE
806,SOUL
807,PAII
808,HCIC
809,ARCI
810,BNED
811,DIN
812,CRNC
813,OYSE
814,BLZR
815,SORN
816,AXIN
817,SBXE
818,TCPC
819,ACAA
820,LZM
821,PINE
822,KFS
823,MTRX
824,HCMA
825,SCGX
826,CVEO
827,CEPT
828,DSAC
829,ALIT
830,ELLO
831,CRLBF
832,TOI
833,PSBD
834,SSSS
835,CUB
836,FNLC
837,SIMA
838,MLAC
839,HFRO
840,AVBH
841,ZTR
842,FERA
843,DRDB
844,SZZL
845,OBA
846,EVOX
847,WRLGF
848,GGAZF
849,RFMZ
850,BRBS
851,KOYN
852,PMTR
853,AFJK
854,SVAC
855,POLE
856,SPT
857,VACI
858,NCA
859,RNGT
860,EVC
861,TVA
862,SAC
863,FOSL
864,CLPT
865,MKLY
866,BNAI
867,AEAQ
868,DSX
869,SI
870,AACO
871,ATII
872,CMII
873,LEGO
874,SGLA
875,CTEV
876,LWAC
877,NXG
878,RXT
879,RAC
880,VGZ
881,LPBB
882,TMTS
883,VHCP
884,UP
885,ITHA
886,TROO
887,GTERA
888,BIXI
889,NMG
890,DSM
891,LOKV
892,SVRSF
893,ARTC
894,MBI
895,GLATF
896,JENA
897,HVMC
898,EMF
899,ANVI
900,ROMA
901,RNLXY
902,OIA
903,ACCO
904,BIOT
905,GPAC
906,SVAQ
907,JRVR
908,HCAC
909,PACH
910,EOLS
911,AVXL
912,AACB
913,NHIC
914,BACC
915,RMM
916,VELO
917,ACRE
918,LPCV
919,FHTX
920,ADAC
921,SITKF
922,LEGT
923,CHMG
924,FGII
925,WHGOF
926,STRZ
927,IRAB
928,WNEB
929,GAMG
930,EVH
931,XCBE
932,RILY
933,TVAI
934,GTE
935,CIA
936,REI
937,SBXD
938,HELP
939,XSLL
940,BRT
941,CEPO
942,TLSI
943,HVII
944,MUZE
945,RPAY
946,ALEC
947,DNMX
948,FC
949,DBB
950,RC
951,NODK
952,AFRI
953,OACC
954,MLAA
955,SMDRF
956,PLMK
957,RLTY
958,FACT
959,TENX
960,NERV
961,RDNW
962,WLII
963,AACI
964,VNME
965,SCII
966,BRCB
967,COPL
968,TGMPF
969,RAAQ
970,AREC
971,VENU
972,ACH
973,ETHM
974,MCGA
975,MIST
976,EGHT
977,SOCA
978,SSAC
979,IGAC
980,TSNDF
981,DAAQ
982,SPCE
983,TDWD
984,FLYX
985,NXDT
986,MACI
987,CNDT
988,JRS
989,TWLV
990,CAQ
991,NVCT
992,AIRRF
993,LUCD
994,DYOR
995,BLRK
996,BIII
997,HLXC
998,HRZN
999,EIC
1000,MAGH
1001,JACK
1002,IKT
1003,MINE
1004,APN
1005,FXE
1006,VABK
1007,FINW
1008,NPV
1009,GWRS
1010,ONCH
1011,RNA
1012,CRAC
1013,IIF
1014,ELTX
1015,PNPNF
1016,FENC
1017,CDXS
1018,WEWA
1019,SJT
1020,EXOD
1021,SDSYA
1022,GSHR
1023,SMWB
1024,PED
1025,OPBK
1026,SPMC
1027,EGHA
1028,EFSI
1029,LANV
1030,ALTG
1031,VERI
1032,IPOD
1033,PALO
1034,GDC
1035,HAVA
1036,CMRC
1037,FCCN
1038,GPJA
1039,ZIP
1040,KALA
1041,HITI
1042,INBK
1043,CURV
1044,FNKO
1045,CVRX
1046,SMHI
1047,OZ
1048,AMBR
1049,HURA
1050,DMB
1051,CZWI
1052,KTWO
1053,BEBE
1054,HWAIF
1055,FIGX
1056,BHLL
1057,EAF
1058,LFCR
1059,LFAC
1060,OSG
1061,DGXX
1062,BHR
1063,FBLA
1064,CNTN
1065,SEVN
1066,NRO
1067,PAMT
1068,KPTI
1069,VPV
1070,LPRO
1071,INSE
1072,PLBY
1073,WHWK
1074,DBE
1075,RVLGF
1076,CPSS
1077,LEE
1078,AIRS
1079,XRX
1080,CBFV
1081,TCX
1082,TETOF
1083,AP
1084,CANG
1085,FF
1086,APGOF
1087,PAAC
1088,EMP
1089,LZMH
1090,SSVFF
1091,NLOP
1092,TBXXF
1093,AGMRF
1094,SRI
1095,DHF
1096,KGEI
1097,HRTX
1098,CHEC
1099,NFE
1100,NUTR
1101,EARN
1102,RBKB
1103,SNNGF
1104,SLAMF
1105,PMMCF
1106,NXPGY
1107,ENJ
1108,ONEW
1109,SHIM
1110,RANG
1111,CGEH
1112,BCAC
1113,RNAC
1114,LCUT
1115,PONO
1116,OXSQ
1117,MRT
1118,FGFH
1119,BCBP
1120,RENEF
1121,NPT
1122,TLSA
1123,VTN
1124,NNY
1125,GALT
1126,CAST
1127,KLTR
1128,HNVR
1129,KORE
1130,APYX
1131,UIS
1132,CPKF
1133,AGXPF
1134,EMIS
1135,NAZ
1136,LKSP
1137,LAFA
1138,SKYX
1139,TLYS
1140,SPEG
1141,PNBK
1142,WPAC
1143,VLTLF
1144,FGBI
1145,HUMA
1146,IPHA
1147,CHPT
1148,EMYB
1149,FNWD
1150,EMPD
1151,UTKN
1152,VTVT
1153,GLND
1154,MSLE
1155,INAC
1156,YCY
1157,EPM
1158,SPWR
1159,MPA
1160,HQI
1161,TGLO
1162,ACOG
1163,GPRO
1164,AMFN
1165,ONL
1166,XFLH
1167,RFAM
1168,SANG
1169,UAC
1170,CVGI
1171,RMBI
1172,SRBK
1173,SCTSF
1174,CLPR
1175,THRY
1176,TTEC
1177,SCPQ
1178,NCAUF
1179,VATE
1180,GCUMF
1181,GAMB
1182,DHX
1183,UNG
1184,IHD
1185,CFSU
1186,SKIN
1187,OIO
1188,RMMZ
1189,VFL
1190,LGO
1191,NMT
1192,MCN
1193,TNYZF
1194,IPEX
1195,GHI
1196,EDAP
1197,BDSX
1198,PHD
1199,NINE
1200,PCSC
1201,FURY
1202,TAVI
1203,HYSR
1204,WPGCF
1205,ROC
1206,RMAX
1207,FKYS
1208,GRAY
1209,ONCY
1210,FXY
1211,QSEA
1212,GFLT
1213,HYNE
1214,SEV
1215,DOWAY
1216,BDCTF
1217,DFDV
1218,MDXH
1219,WSBK
1220,IMDX
1221,CHAR
1222,DRTTF
1223,QUMS
1224,CBUS
1225,RVSB
1226,TUNGF
1227,JEQ
1228,ALTS
1229,UNB
1230,HFFG
1231,TSQ
1232,BSBK
1233,ERH
1234,FORR
1235,PROV
1236,ISPR
1237,HSDT
1238,PCOK
1239,ANTX
1240,CHGG
1241,RPT
1242,FPRGF
1243,AKA
1244,SGMO
1245,ANPA
1246,CSTAF
1247,ESGH
1248,COYA
1249,SUIG
1250,BCRD
1251,WYGC
1252,CHPG
1253,STHO
1254,RVRC
1255,GOSS
1256,MMLP
1257,EP
1258,HFUS
1259,JUSHF
1260,CHMI
1261,STIM
1262,RMI
1263,CWBHF
1264,ORRCF
1265,MB
1266,BCHG
1267,PROP
1268,OPTN
1269,LGCXF
1270,CRCUF
1271,CRMT
1272,SMJF
1273,AAWH
1274,JELD
1275,FLNT
1276,UBCP
1277,FTZFF
1278,COOK
1279,CMU
1280,BEEP
1281,LCCC
1282,VCUFF
1283,FNWB
1284,FUSB
1285,VANI
1286,FLL
1287,MMTX
1288,RFM
1289,STEM
1290,OCCI
1291,ORIQ
1292,DTCX
1293,NUVR
1294,DIT
1295,MRDN
1296,IAE
1297,GNSS
1298,NRRSF
1299,CCTC
1300,SSTI
1301,SCAG
1302,PBHC
1303,ALIS
1304,UPXI
1305,MAIA
1306,GGR
1307,ATVK
1308,AEYE
1309,ZKIN
1310,NCTY
1311,SYPR
1312,CBKM
1313,BODI
1314,FVN
1315,APAC
1316,GUTS
1317,ROLR
1318,WSTN
1319,HAIN
1320,GRUSF
1321,DWSN
1322,VNJA
1323,VRM
1324,NNBR
1325,CLNN
1326,PARK
1327,SSEA
1328,NORD
1329,FFAI
1330,INTG
1331,FLNA
1332,RSSS
1333,ZBAI
1334,OTH
1335,NMS
1336,PDCC
1337,BSAA
1338,KGFMF
1339,MERC
1340,AUXXF
1341,WTG
1342,ARSMF
1343,XBIT
1344,BPAC
1345,CUAUF
1346,SYHBF
1347,SPRU
1348,TISI
1349,XGN
1350,SEAT
1351,GECC
1352,LNSR
1353,CBAT
1354,PMI
1355,AURX
1356,CEV
1357,GNS
1358,NKGFF
1359,BYSI
1360,DMA
1361,TLGYF
1362,IBO
1363,BYFC
1364,USPCY
1365,CCIF
1366,GAIA
1367,UHG
1368,SLMT
1369,GPMT
1370,FEAM
1371,CTOR
1372,FTCI
1373,OMEX
1374,RIBB
1375,VLT
1376,PRPL
1377,LOOP
1378,ELBM
1379,INKT
1380,LFT
1381,MDIA
1382,STLE
1383,NOMA
1384,GPGCF
1385,LTCN
1386,TEAD
1387,PLCE
1388,THCH
1389,CLST
1390,BATL
1391,AIB
1392,LIVG
1393,GRCE
1394,PMVC
1395,SNAL
1396,FNUC
1397,RRGB
1398,MDAI
1399,HANNF
1400,CING
1401,BOF
1402,SPWH
1403,WSHP
1404,DMNIF
1405,EDRY
1406,AIRT
1407,PRTS
1408,PVL
1409,SLND
1410,LUNG
1411,ARAI
1412,ONEG
1413,AFCG
1414,PDSB
1415,NSTS
1416,YI
1417,FLD
1418,GPUS
1419,HFBL
1420,FMFG
1421,FSEA
1422,CAPN
1423,VIPRF
1424,DDC
1425,HLEO
1426,KBSX
1427,GROV
1428,OFS
1429,STKS
1430,LVPA
1431,DRYGF
1432,MLCI
1433,CDLX
1434,WHEN
1435,CYDVF
1436,ECOR
1437,LOAN
1438,RYES
1439,RYM
1440,TINFF
1441,GENK
1442,HMR
1443,AAME
1444,HYOR
1445,WBX
1446,WTHVF
1447,REED
1448,PLNH
1449,BLGO
1450,MPU
1451,LVO
1452,ANVS
1453,ALCY
1454,MMCP
1455,RKHNF
1456,BEAT
1457,NDLS
1458,IXHL
1459,SACH
1460,OAKV
1461,ACTU
1462,BREZ
1463,SRXH
1464,BKHA
1465,SKIL
1466,MHUBF
1467,AGIG
1468,BRAG
1469,KCCFF
1470,KANP
1471,CPPMF
1472,ARAY
1473,RGCCF
1474,EDSA
1475,JAGU
1476,CVU
1477,ATOS
1478,LISMF
1479,RNTX
1480,SMOFF
1481,BRFH
1482,ESAUF
1483,XHG
1484,SDEV
1485,FSTJ
1486,EQTRF
1487,MRNO
1488,SKLZ
1489,IMTCF
1490,KLXE
1491,BENF
1492,QETA
1493,CNTY
1494,GIBO
1495,FRMM
1496,QNTO
1497,LITS
1498,GRML
1499,JETMF
1500,LIVE
1501,HCHL
1502,BDCO
1503,SAGGF
1504,SPND
1505,LSTA
1506,SNBR
1507,CREX
1508,AACG
1509,LEEEF
1510,NTRP
1511,FOXX
1512,STLNF
1513,RDI
1514,OESX
1515,PTNT
1516,INIS
1517,WSTRF
1518,USEG
1519,CHEV
1520,CSDX
1521,KDKGF
1522,NALG
1523,CELU
1524,BIOX
1525,CRVO
1526,SRLZF
1527,TKRFF
1528,OPAD
1529,BGL
1530,GAME
1531,CTSO
1532,ATCMF
1533,TPCS
1534,GWH
1535,KFFB
1536,RADX
1537,LPSN
1538,WELNF
1539,ENGS
1540,ADGM
1541,MDWK
1542,RMXI
1543,REFR
1544,UNXP
1545,AZZTF
1546,RDAC
1547,PASG
1548,ZEFIF
1549,BRKCF
1550,SKYQ
1551,STKE
1552,NTZ
1553,ANGH
1554,PHNMF
1555,PLUR
1556,CNTM
1557,CXXIF
1558,VPLM
1559,VGES
1560,TAOX
1561,BCTX
1562,APLM
1563,BAYA
1564,EMGDF
1565,TPST
1566,UBXG
1567,NTIP
1568,DYAI
1569,RAND
1570,ABVC
1571,ACCS
1572,PGZFF
1573,DXLG
1574,QTZM
1575,PRKR
1576,GOCO
1577,AAQL
1578,XBP
1579,CLRCF
1580,EONR
1581,HWAUF
1582,MYO
1583,PC
1584,JSDA
1585,CCEL
1586,ZBAO
1587,ABLV
1588,VRHI
1589,BZDLF
1590,BAFN
1591,ITHR
1592,AERT
1593,EPOW
1594,SFCO
1595,PSQH
1596,LOCL
1597,AWCA
1598,QCLS
1599,SFCX
1600,FMST
1601,SNTI
1602,SUUN
1603,KTCC
1604,WBQNL
1605,ITHUF
1606,KWM
1607,BONXF
1608,MOBQ
1609,USGDF
1610,MOBX
1611,FARM
1612,KDOZF
1613,ASPC
1614,NRDE
1615,AYTU
1616,LSH
1617,MRMD
1618,INUV
1619,TRXA
1620,HYEX
1621,TELA
1622,MILIF
1623,PMEC
1624,KNGRF
1625,ATCX
1626,SSGC
1627,BBGI
1628,WNDW
1629,BZFD
1630,ICMB
1631,MAXN
1632,NOM
1633,LVLU
1634,VIPZ
1635,UONE
1636,VBIX
1637,ORIO
1638,ARKR
1639,CRIS
1640,REVFF
1641,ECRO
1642,CFND
1643,CPOP
1644,SRGZ
1645,TURB
1646,AIFF
1647,TWOSF
1648,YMT
1649,APAAF
1650,SER
1651,BMR
1652,JGLDF
1653,TARSF
1654,QRHC
1655,AITX
1656,RYOJ
1657,COGDF
1658,RMSG
1659,TTIPF
1660,SST
1661,NIXX
1662,NNVC
1663,SPEX
1664,CHAI
1665,RSGLF
1666,RMCF
1667,BIRD
1668,HBIO
1669,YXT
1670,CNTMF
1671,SVRN
1672,HHS
1673,GUER
1674,CMCT
1675,NYC
1676,REBN
1677,FOFA
1678,VYNE
1679,MRKR
1680,SNNF
1681,CRVW
1682,QNCX
1683,EQS
1684,PRHI
1685,AUST
1686,BRLS
1687,APCX
1688,KTTA
1689,USEA
1690,LRRIF
1691,THH
1692,AHT
1693,TIGCF
1694,BESS
1695,VAUCF
1696,DUKR
1697,SPPL
1698,BFRG
1699,LIQT
1700,CTXR
1701,PLRZ
1702,WGRX
1703,AIDX
1704,DLPN
1705,GEBRF
1706,UPLD
1707,SBDS
1708,KLGDF
1709,REE
1710,PAYD
1711,SMSI
1712,COPAF
1713,CCOOF
1714,CCM
1715,AUID
1716,RITE
1717,OSRH
1718,TPET
1719,NZERF
1720,PAPL
1721,BHV
1722,GMVMF
1723,PMNT
1724,GYRO
1725,TOPS
1726,BHSIF
1727,ABIT
1728,ADIA
1729,CISO
1730,MDRR
1731,NWGL
1732,IAALF
1733,EDTK
1734,MYND
1735,VVOS
1736,MDCX
1737,KARX
1738,ALTUF
1739,CSAI
1740,STCB
1741,ILAL
1742,BGI
1743,DBGI
1744,SMX
1745,AIRI
1746,IVF
1747,FRECF
1748,NGLD
1749,PHIO
1750,SWVL
1751,SELX
1752,AWLIF
1753,PHGE
1754,MMTIF
1755,INIKF
1756,SGRP
1757,AHNRF
1758,APMCF
1759,CYCN
1760,INTI
1761,TRIB
1762,LESL
1763,GAUZ
1764,CURX
1765,NEWH
1766,MMA
1767,WETO
1768,BTOC
1769,MSW
1770,NVNI
1771,KAPA
1772,DSY
1773,SKKY
1774,UECXF
1775,QURT
1776,RBNE
1777,HIRU
1778,COSM
1779,GXAI
1780,CPIVF
1781,STSBF
1782,KTEL
1783,GTBP
1784,AWHL
1785,CMMB
1786,CVAT
1787,CVKD
1788,NRIS
1789,TOMZ
1790,BNZI
1791,AIMD
1792,VCGMF
1793,MSAI
1794,JBDI
1795,DTSS
1796,JPOTF
1797,STKH
1798,URZEF
1799,SINT
1800,BNET
1801,PBSV
1802,ALRTF
1803,ELECF
1804,VSEE
1805,LILIF
1806,RSMXF
1807,TBH
1808,AUSI
1809,ORESF
1810,GNPX
1811,REDRF
1812,BMGL
1813,APRE
1814,IHT
1815,HAMRF
1816,CETI
1817,KXIN
1818,EUEMF
1819,GULTU
1820,BLIN
1821,MWG
1822,FWFW
1823,IPDN
1824,OHCFF
1825,OST
1826,RETO
1827,CETY
1828,LEDS
1829,BRGX
1830,GNVR
1831,USIC
1832,CALC
1833,AAUGF
1834,SFHG
1835,XELB
1836,PAXH
1837,TKLF
1838,PURE
1839,DKI
1840,LTUM
1841,SOS
1842,RMSL
1843,MTEX
1844,CWD
1845,MTR
1846,SDCH
1847,NXL
1848,CEIN
1849,GPMTF
1850,KWIK
1851,FBGL
1852,HTOO
1853,ADVB
1854,AMS
1855,SEGG
1856,DSS
1857,GITS
1858,GARWF
1859,NGTF
1860,GURE
1861,CLEV
1862,NOTV
1863,GRAPF
1864,ELVG
1865,GLGI
1866,RNAZ
1867,OLB
1868,HGTXU
1869,ACXP
1870,BCUFF
1871,AMST
1872,INEO
1873,IMIMF
1874,SVUHF
1875,PCSA
1876,QUCY
1877,ODYY
1878,APYP
1879,BRQL
1880,RVYL
1881,ATON
1882,APM
1883,YHGJ
1884,FGI
1885,DSNY
1886,GELS
1887,AITTF
1888,AMLM
1889,TULP
1890,UUUFF
1891,CLRO
1892,ACON
1893,PIAC
1894,EWSB
1895,MAGE
1896,NTRX
1897,SYBX
1898,MRAI
1899,BMXI
1900,SNYR
1901,SERPY
1902,SCKT
1903,TRRFF
1904,AVCRF
1905,MMTRS
1906,GLNS
1907,VRRCF
1908,GRDX
1909,SKAS
1910,LUCY
1911,AMZE
1912,PBM
1913,TCRT
1914,RENX
1915,IONI
1916,NWTG
1917,GHST
1918,SILO
1919,YYGH
1920,ADMQ
1921,MKZR
1922,BKYI
1923,MFBI
1924,HSCS
1925,BRTX
1926,TGL
1927,CVSI
1928,ESHSF
1929,CYCU
1930,DAIC
1931,NVGLF
1932,AVPMF
1933,XAIR
1934,NROM
1935,HCWC
1936,SLE
1937,XHLD
1938,XTLB
1939,MLEC
1940,EJH
1941,FASLF
1942,SNRG
1943,MBIO
1944,THURF
1945,EPWKF
1946,BASA
1947,ANY
1948,AIHS
1949,TWAV
1950,OXBR
1951,SKK
1952,INBS
1953,SOAR
1954,DXYN
1955,AKTX
1956,DQWS
1957,ABCFF
1958,TRLEF
1959,VS
1960,INDP
1961,ZDPY
1962,WAI
1963,IPST
1964,AQB
1965,RBOT
1966,KLYG
1967,BBBMF
1968,BRWC
1969,CPMV
1970,DRMA
1971,VEST
1972,CIIT
1973,NMEX
1974,CHNR
1975,HVGDF
1976,SQFT
1977,POLA
1978,SHPH
1979,XERI
1980,KLSVF
1981,GP
1982,CAPS
1983,LMRMF
1984,CNFN
1985,IPSI
1986,GLMD
1987,BFGFF
1988,PAIYY
1989,PULM
1990,BTOG
1991,VSTD
1992,ZPHYF
1993,PMHS
1994,ENZN
1995,GREH
1996,SRCO
1997,AMIX
1998,APTOF
1999,PRSI
2000,RDHL
2001,CTTH
2002,NOTE
2003,TNMG
2004,EGMCF
2005,TSEOF
2006,AIPG
2007,ALZN
2008,GGLXF
2009,GBR
2010,CRCE
2011,GTCH
2012,ENVB
2013,OCG
2014,PSYCF
2015,ONFO
2016,XCRT
2017,IWSH
2018,NVVE
2019,LINMF
2020,NGCG
2021,XITO
2022,ICON
2023,NCPL
2024,BNBX
2025,DCOY
2026,ALBT
2027,GLVT
2028,LNKS
2029,PLTYF
2030,ALTX
2031,NCRA
2032,ZNB
2033,SRKZF
2034,CPHI
2035,LVRLF
2036,MNDR
2037,PW
2038,VTAK
2039,KITT
2040,TWNPQ
2041,HCTI
2042,GWAV
2043,GTLL
2044,KRTL
2045,KIDZ
2046,CIMG
2047,CNRCF
2048,VMAR
2049,HWKE
2050,RUBI
2051,GPUSF
2052,VSME
2053,RKDA
2054,ZONE
2055,AIOS
2056,ELPW
2057,REOS
2058,VPER
2059,CPMD
2060,WHLT
2061,NVSGF
2062,CYAN
2063,CASIF
2064,TUTH
2065,SHFS
2066,IMTE
2067,LUVU
2068,HCWB
2069,RTCJF
2070,BBLG
2071,CMBMF
2072,SENR
2073,ADIL
2074,PKTX
2075,TRNR
2076,DXF
2077,WCUFF
2078,VYCO
2079,NCT
2080,VIIQ
2081,VGLS
2082,ROIUF
2083,CRUCF
2084,DOGP
2085,ZHDM
2086,LBGJ
2087,TBLLF
2088,PTOS
2089,MWAI
2090,SPRC
2091,TRUG
2092,OILCF
2093,VIZNF
2094,SKVI
2095,GEGP
2096,ATXI
2097,AGSS
2098,AREB
2099,GIPR
2100,EDBL
2101,TRGXF
2102,AYRWF
2103,NFSN
2104,ZICX
2105,ATMH
2106,VISM
2107,GCTK
2108,FFLO
2109,GRNL
2110,DTCKF
2111,LRHC
2112,GV
2113,MNTR
2114,LQWC
2115,BNRG
2116,CBMJ
2117,CBDY
2118,LBUY
2119,SKFG
2120,FECOF
2121,CBDL
2122,PTCO
2123,LYRA
2124,EVFM
2125,ISCO
2126,MDCE
2127,BOXL
2128,GRXXF
2129,SETO
2130,PTIX
2131,FBCD
2132,ARBK
2133,NULGF
2134,GMEX
2135,IPTNF
2136,RAKR
2137,DPLS
2138,CMRF
2139,EEGI
2140,HSTA
2141,MRPT
2142,AKOM
2143,CLOW
2144,NAFS
2145,TMGI
2146,FATAQ
2147,LNTO
2148,DBMM
2149,BMTM
2150,FGL
2151,ARRT
2152,SPTY
2153,OZSC
2154,EMMA
2155,PRPH
2156,KUST
2157,ONCO
2158,PRTX
2159,WINT
2160,IOBTQ
2161,FMTOF
2162,EMBYF
2163,MSPR
2164,NSTM
2165,STAI
2166,BPTH
2167,CLDVF
2168,LGHL
2169,CSUI
2170,GRVE
2171,JFIL
2172,ADTX
2173,GSAC
2174,ILST
2175,CWPE
2176,GRPS
2177,RMTG
2178,WNLV
2179,FOXO
2180,GPLB
2181,FYNN
2182,SLDC
2183,TAAG
2184,IVPR
2185,SPOWF
2186,AOXY
2187,KAVL
2188,ECPL
2189,LEEN
2190,LILMF
2191,CNBX
2192,RGBP
2193,ALDA
2194,SVVC
2195,QTTOY
2196,FCHS
2197,CMLS
2198,GRLF
2199,CIRX
2200,CONC
2201,UOKAF
2202,RIVF
2203,VIDA
2204,BOTY
2205,PNXP
2206,GTIC
2207,OCEA
2208,EMRH
2209,BMPA
2210,YGMZF
2211,PSUS
2212,KMCM
2213,BRBF
2214,PGIM
2215,GDEL
2216,ETH
2217,VROYF
2218,DDHLY
2219,ITXP
2220,ETHW
2221,KOGDF
2222,KPL
2223,USDW
2224,AIMTF
2225,DETX
2226,MIMDF
2227,TCLXY
2228,NPIXY
2229,BIREY
2230,METRY
2231,GRVT
2232,VRXA
2233,HGT
2234,FSSL
2235,HAMA
2236,FGO
2237,GSNR
2238,MDDTY
2239,GAVA
2240,DAVI
2241,SWOL
2242,MXUBY
2243,GRLMF
2244,DNJF
2245,CCEYF
2246,EZBC
2247,QETH
2248,DMNT
2249,EDVLY
2250,NSNFY
2251,KMYGY
2252,AAS
2253,BTC
2254,CTWO
2255,XRP
2256,MSTKY
2257,GTAO
2258,EZPZ
2259,NCIQ
2260,IDPEY
2261,YGSHY
2262,GRCPY
2263,EZET
2264,YOOV
2265,NSURF
2266,LRVIY
2267,TSOL
2268,OPTH
2269,SGIHY
2270,MECPF
2271,GLIV
2272,BRRR
2273,HWEP
2274,MOGMF
2275,GVSE
2276,CUPPF
2277,GDGIF
2278,SCTAY
2279,PDYTY
2280,KKSIY
2281,NHLTY
2282,AFA
2283,BSOL
2284,SPED
2285,SPTX
2286,BTCO
2287,TCRG
2288,ARKB
2289,INNP
2290,AUGCF
2291,GLEI
2292,OSOL
2293,ZRCN
2294,BTCW
2295,SICOF
2296,RREV
2297,GFTFF
2298,MRCO
2299,AFNDY
2300,IPFX
2301,BORAY
2302,ANJFY
2303,NHIV
2304,CRAUY
2305,HYRD
2306,AIOK
2307,MPJPY
2308,SBCLY
2309,OBBCY
2310,MTLMY
2311,ARXS
2312,PBRRY
2313,SOLC
2314,KYTFY
2315,YLY
2316,DTDT
2317,SSRLY
2318,SVICY
2319,GIVE
2320,ZSICY
2321,UNIU
2322,KOKO
2323,BTFT
2324,OYES
2325,PLAI
2326,ONWRY
2327,HZRBY
2328,SUIS
2329,TKCYY
2330,AMBIQ
2331,SUJA
2332,RCWBY
2333,RADB
2334,TETH
2335,DNCLY
2336,HIFI
2337,NEUT
2338,BGHL
2339,SAPUY
2340,BOT
2341,USDE
2342,PLYX
2343,CLNK
2344,AFNX
2345,APAT
2346,ADBT
2347,RSMIY
2348,GXRP
2349,CLBZ
2350,RIKU
2351,APEX
2352,FRLCY
2353,SCBXY
2354,CAPI
2355,CLRLY
2356,MREGY
2357,LILW
2358,GGRPY
2359,VIRMF
2360,SBAQ
2361,GONYF
2362,TOXR
2363,NRYCF
2364,MGNO
2365,PMHMY
2366,CSCCY
2367,VSGRY
2368,KCG
2369,MKTR
2370,SLBT
2371,RECCY
2372,DBIM
2373,TMKVY
2374,HNPHY
2375,GDOG
2376,VAVX
2377,TSUI
2378,GGTKY
2379,PLUN
2380,GBNXY
2381,LSBA
2382,LATA
2383,PAXG
2384,UNID
2385,MLIZY
2386,EVVO
2387,MARH
2388,TRAD
2389,JSTT
2390,BAVA
2391,PWRU
2392,HRBAY
2393,ECR
2394,AVAT
2395,ORNJY
2396,MTMTY
2397,PRNCF
2398,GHRTF
2399,EMS
2400,SPGNY
2401,SIBO
2402,EUEV
2403,VCCG
2404,PCPGY
2405,GBH
2406,GDNT
2407,FSOL
2408,LSHGY
2409,XRPZ
2410,GFTL
2411,MNZLY
2412,ASKRY
2413,STJNY
2414,ELFTY
2415,NWCYY
2416,CMPLY
2417,EBGCY
2418,CPXXY
2419,ARCL
2420,QRED
2421,LPSL
2422,ETSS
2423,MWC
2424,QMLS
2425,NHKSY
2426,PTAXY
2427,AIAI
2428,TVIV
2429,GOW
2430,HONA
2431,PNIG
2432,OTAI
2433,AESP
2434,DPDSY
2435,JNGDY
2436,BMOK
2437,NYB
2438,ILLU
2439,NCLA
2440,ALMR
2441,GHYP
2442,NGCOY
2443,WATR
2444,FRTT
2445,TEICY
2446,BRUN
2447,CDTHY
2448,NBKBY
2449,ZJGIY
2450,MRUWY
2451,REA
2452,ODKUY
2453,GCGR
2454,KNWAY
2455,AELKY
2456,CXII
2457,BAGZ
2458,MDKGY
2459,LNTCY
2460,NRGFF
2461,SKAI
2462,MSBT
2463,SSHBY
2464,MTAL
2465,WENC
2466,MCAH
2467,RACC
2468,MNTGY
2469,TRGS
2470,WSE
2471,ETHB
2472,KCAC-UN
2473,TGRGF
2474,FRTRY
2475,AKCLY
2476,FHFFY
2477,KHOBF
2478,RVI
2479,TRBG
2480,SNEVY
2481,DYBTY
2482,MYX
2483,YIFE
2484,OBOCY
2485,TRAX
2486,LKYLY
2487,NATNF
2488,KLRA
2489,MZYX
2490,BLDC
2491,UDUD
2492,SVIV
2493,SNHIY
2494,AZBLY
2495,SGPIY
2496,BXDC
2497,ELMT
2498,OHAC
2499,BHTGY
2500,FFGG
2501,LTAFF
2502,PFSTY
2503,CTAA
2504,APMC
2505,SKBBY
2506,GTLRY
2507,OCTV
2508,MSSHY
2509,SMGSY
2510,SECZ
2511,AVEX
2512,CTX
2513,MBSHY
2514,BWGC
2515,ALOG
2516,QADR
2517,UATCY
2518,AMVOY
2519,STCK
2520,MYCRY
2521,SBMW
2522,ARSTY
2523,BLTG
2524,OBNK
2525,BWOW
2526,PWRL
2527,FCHDF
2528,JOSS
2529,AMTU
2530,PSBTY
2531,BXRLY
2532,SOEZ
2533,ATHNY
2534,WXILY
2535,GYGLF
2536,KERCY
2537,SHILY
2538,COAG
2539,CVCPY
2540,LTGR
2541,SUMA
2542,POCH
2543,QLEP
2544,YKCLY
2545,AACP
2546,AIIR
2547,PRNSY
2548,ZSHLY
2549,IDAC
2550,GLED
2551,ZGJLY
2552,RENGY
2553,APUR
2554,PRSKY
2555,TKVA
2556,LBZZ
2557,PDSRX
2558,BAR
2559,PLTM
2560,ETCG
2561,AYA
2562,MANA
2563,GLNK
2564,GBAT
2565,FGDL
2566,IPSAY
2567,CBSTQ
2568,ENTXW
2569,AVLN
2570,BUHPY
2571,MTVE
2572,BDRY
2573,MROSY
2574,OUNZ
2575,BPRE
2576,CPPBY
2577,FBTC
2578,HODL
2579,ODOT
2580,ETHV
2581,VCX
2582,OBULF
2583,ORIB
2584,CBPHF
2585,ISRLF
2586,IBIT
2587,NOPFF
2588,DEFI
2589,FETH
2590,GSOL
2591,OBNB
2592,EXYN
2593,TDGGF
2594,NXNT
2595,TSLVF
2596,TPTA
2597,ALEH
2598,HZEN
2599,ZCSH
2600,ETHE
2601,OPTU
2602,GXLM
2603,PASTY
2604,IAUM
2605,DGCOF
2606,VCRDX
2607,NRUC
2608,CHSCP
2609,CTBB
2610,NHFLF
2611,VBREY
2612,GJH
2613,MADL
2614,DYNTQ
2615,USL
2616,FXB
2617,GJO
2618,SIVR
2619,PALL
2620,BNO
2621,GJP
2622,GJR
2623,FXC
2624,GJS
2625,UDN
2626,UNL
2627,GLTR
2628,KTH
2629,DCFBS
2630,AAAU
2631,BITW
2632,BITB
2633,OBTC
2634,SVIX
2635,PRBRY
2636,DSRNY
2637,OAK-PA
2638,UGA
2639,OPITQ
2640,PPLT
2641,JTGEY
2642,ATLCP
2643,WNHK
2644,NICM
2645,ODRS
2646,NHP
2647,PYT
2648,XSIAX
2649,IVHI
2650,IPB
2651,KTN
2652,ELC
2653,JBK
2654,GEHDF
2655,FXA
2656,GLDM
2657,SGOL
2658,USCI
2659,UUP
2660,QVCD
2661,ILPLF
2662,LBRJ
2663,ETHA
2664,MEDG
2665,GFTTY
2666,LPCHY
2667,CCLV
2668,CRGT
2669,EIIA
2670,GSUI
2671,AMPM
2672,SUWA
2673,VAII
2674,SMFSY
2675,ALEUY
2676,QSOL
2677,FNIGY
2678,TPZEY
2679,LCDC
2680,BKPOY
2681,MCL
2682,FIT
2683,ACMIF
2684,JXAMY
2685,TDOG
2686,THCLY
2687,SMPHY
2688,ACGC
2689,CAII
2690,IACQ
2691,MUYNY
2692,GBNB
2693,JLZQ
2694,SCOP
2695,MMXGY
2696,SICCY
2697,AWATY
2698,SWBKY
2699,KPET
2700,BHAV
2701,IDXMF
2702,MDKR
2703,RONE
2704,EUPX
2705,FDXF
2706,BWIV
2707,XE
2708,GLVPY
2709,HAWK
2710,VNTXF
2711,WDSP
2712,LFLRF
2713,YSWY
2714,SMERY
2715,CITR
2716,GJT
2717,FXF
2718,USB-PA
2719,BTAFF
2720,NCRRP
2721,SNPMF
2722,MBGAF
2723,NTTYY
2724,PPRUF
2725,GLCNF
2726,KDDIF
2727,BAMXF
2728,DGEAF
2729,CCZ
2730,BYMOF
2731,WEBNF
2732,PSA-PH
2733,ALL-PB
2734,FNCTF
2735,PSA-PK
2736,TEFOF
2737,RSTRF
2738,SOJC
2739,TELNF
2740,SOAGY
2741,FNMAS
2742,AMCCF
2743,FNMAJ
2744,CRERF
2745,FNMAH
2746,APO-PA
2747,NIOIF
2748,FNGD
2749,SVYSF
2750,NMPGY
2751,MAA-PI
2752,LBRDB
2753,RF-PC
2754,LBRDK
2755,BZLFF
2756,UHAL-B
2757,TAP-A
2758,WPPGF
2759,FREJO
2760,RZB
2761,CLUS
2762,CMSA
2763,SLG-PI
2764,SFGRF
2765,PCG-PA
2766,PCG-PB
2767,OAK-PB
2768,UNMA
2769,BPOPO
2770,JSM
2771,PCG-PE
2772,PCG-PD
2773,PCG-PC
2774,FNMFN
2775,PCG-PH
2776,PCG-PG
2777,DTW
2778,SPTJF
2779,PCG-PI
2780,DISPF
2781,TCMFF
2782,PBI-PB
2783,TWO-PC
2784,BHFAL
2785,TWO-PB
2786,TWO-PA
2787,BATRK
2788,HOVNP
2789,PEB-PF
2790,PEB-PE
2791,PEGRF
2792,TY-P
2793,UA
2794,PTXAF
2795,FNMAM
2796,TRTN-PA
2797,NSA-PA
2798,BATRB
2799,FNMAN
2800,FNMAI
2801,CODQL
2802,TBNGY
2803,FNMAT
2804,FNMAK
2805,FNMAL
2806,FNMFM
2807,WLYB
2808,FNMAO
2809,FNMAG
2810,FNMFO
2811,NGL-PB
2812,LILAK
2813,NGL-PC
2814,BFS-PD
2815,GNL-PA
2816,LILAB
2817,HCXY
2818,MHLA
2819,BITF
2820,CODI-PB
2821,ATLC
2822,CODI-PA
2823,GRAF-UN
2824,HCACU
2825,INN-PE
2826,IIPR-PA
2827,GTN-A
2828,HOVVB
2829,HLTC
2830,GGT-PE
2831,GGN-PB
2832,OXLCM
2833,ECCX
2834,CIGL
2835,AIRTP
2836,NEWTI
2837,OXLCO
2838,ERLFF
2839,CNTHP
2840,IHRTB
2841,CNLPL
2842,DSX-PB
2843,CNTHO
2844,HYAC
2845,MTMV
2846,BHR-PB
2847,RLFTY
2848,CHMI-PB
2849,CNTHN
2850,APLMW
2851,CNLHP
2852,ARCXF
2853,CNLTP
2854,BHR-PD
2855,CNLTL
2856,IPHYF
2857,CNPWM
2858,CHMI-PA
2859,CNLHO
2860,CNPWP
2861,CNLPM
2862,CNLTN
2863,ENO
2864,CDR-PC
2865,CNLHN
2866,BNIGF
2867,IVEVF
2868,CDR-PB
2869,ECXJ
2870,EBRCZ
2871,DLNG-PA
2872,CHPGF
2873,LUCN
2874,HUSIF
2875,SINC
2876,TTSH
2877,RAASY
2878,AHT-PG
2879,OCGSF
2880,AHT-PF
2881,CRTD
2882,AOAO
2883,RDIB
2884,ECF-PA
2885,AHT-PH
2886,AHT-PI
2887,MRCC
2888,AHT-PD
2889,BCV-PA
2890,BCTF
2891,RGBPP
2892,GLU-PB
2893,PELI
2894,RLFTF
2895,IXAQF
2896,KBSR
2897,CULL
2898,CMCAF
2899,GGROU
2900,FSHPU
2901,ARRKF
2902,BCOW
2903,NSRCF
2904,GRFXF
2905,NBY
2906,JETBF
2907,UONEK
2908,AVLNF
2909,MLMC
2910,CCTSF
2911,EAXR
2912,GBNY
2913,OMCC
2914,CNOBF
2915,LTSV
2916,GWLL
2917,XTXXF
2918,WNFT
2919,VWFB
2920,TBHC
2921,BRCNF
2922,SGTM
2923,ANEB
2924,GFASY
2925,AFGC
2926,BZRD
2927,SALM
2928,GLBZ
2929,GRFXY
2930,MNTCF
2931,TVE
2932,HMMR
2933,MCLE
2934,TVC
2935,AGLY
2936,ELDCF
2937,SITS
2938,EVTK
2939,CARV
2940,APHD
2941,TAIT
2942,CJAX
2943,FEOVF
2944,FLYYQ
2945,BLMH
2946,GLUC
2947,SCGY
2948,NGHI
2949,VQSSF
2950,GBCS
2951,BRRN
2952,MVCO
2953,SFUNY
2954,ILXP
2955,FGCO
2956,SUIC
2957,NXMH
2958,EGTYF
2959,TGCB
2960,IOBT
2961,EBZT
2962,MTTCF
2963,GRST
2964,NUVI
2965,BWMG
2966,CANN
2967,ACRL
2968,RDAR
2969,ECIA
2970,UCASU
2971,KNOS
2972,HHHEF
2973,JFBR
2974,AGNPF
2975,MYCB
2976,SSHT
2977,SNNC
2978,GOGR
2979,RNGC
2980,SYIN
2981,TNBI
2982,XYLB
2983,SRMX
2984,BKTH
2985,CARM
2986,SFWJ
2987,BRLL
2988,CLSDQ
2989,INKW
2990,CPWR
2991,FVTI
2992,MAJI
2993,GMZP
2994,HBUV
2995,GSPI
2996,SSKN
2997,CDSG
2998,VERO
2999,ESSI
3000,FGNV
3001,MDEX
3002,ASII
3003,APSI
3004,BSLK
3005,CRDV
3006,MASN
3007,INNI
3008,SHGI
3009,GXXM
3010,OXBRW
3011,GMBL
3012,DPUI
3013,ENDV
3014,USDP
3015,GIPL
3016,AITXD
3017,SONX
3018,DWAY
3019,ACBM
3020,SNPW
3021,LEVGQ
3022,COSG
3023,CICC
3024,AHII
3025,IMCI
3026,MER-PK
3027,BACRP
3028,TCPA
3029,FHN-PH
3030,CELG-RI
3031,SFB
3032,CDZIP
3033,BPPFF
3034,CMSC
3035,CMSD
3036,MTB-PJ
3037,AILIO
3038,AILIP
3039,CTDD
3040,MTB-PK
3041,SOJD
3042,SOJE
3043,SOMN
3044,SOJF
3045,UMBFO
3046,MSEXP
3047,MOVAA
3048,DDT
3049,BA-PA
3050,TELFY
3051,DHTI
3052,BPOPM
3053,GAB-RI
3054,SOCGM
3055,FNMAP
3056,GL-PD
3057,WBKCY
3058,AUB-PA
3059,ALL-PJ
3060,BOH-PB
3061,WRB-PH
3062,WRB-PF
3063,WRB-PG
3064,ASBA
3065,CHSCL
3066,CHSCM
3067,CHSCN
3068,CHSCO
3069,FCNCN
3070,HWCPZ
3071,CFG-PE
3072,CFG-PH
3073,CFG-PI
3074,VAL-WT
3075,XELLL
3076,PNMXO
3077,PAASF
3078,AEFC
3079,NEE-PN
3080,NEE-PW
3081,NEE-PT
3082,NEE-PU
3083,NEE-PV
3084,NEE-PS
3085,BBBY-WT
3086,AIMDW
3087,PPLC
3088,KMPB
3089,BANC-PF
3090,NBRWF
3091,TSLTF
3092,TACPF
3093,TRNTF
3094,HNNAZ
3095,DGP
3096,DGZ
3097,DZZ
3098,ADZCF
3099,DEENF
3100,OLOXF
3101,F-PB
3102,F-PC
3103,F-PD
3104,INPAP
3105,LNC-PD
3106,HBANL
3107,HBANZ
3108,KEY-PL
3109,SCE-PG
3110,SCE-PL
3111,SCE-PN
3112,SCE-PM
3113,WELPM
3114,KGCRF
3115,CNOBP
3116,EQH-PA
3117,EQH-PC
3118,BBLGW
3119,MHNC
3120,GNT-PA
3121,MOBQW
3122,AEBMY
3123,AEBMF
3124,SHMLF
3125,CNO-PA
3126,RF-PE
3127,RF-PF
3128,TMUSZ
3129,TMUSI
3130,TMUSL
3131,AIZN
3132,RCKTW
3133,PAAPU
3134,CMLSQ
3135,BKAMF
3136,BKFAF
3137,BKFPF
3138,BKFOF
3139,BRPSF
3140,BRFCF
3141,BKPA
3142,BNH
3143,BNJ
3144,BROXF
3145,BXDIF
3146,BRCFF
3147,BKFDF
3148,EFSCP
3149,XXAAU
3150,MBNKO
3151,TDBCP
3152,RYLBF
3153,ANG-PD
3154,WTFCN
3155,MS-PQ
3156,MS-PP
3157,LGNDZ
3158,LGNXZ
3159,LGNYZ
3160,LGNZZ
3161,ARES-PB
3162,GPUS-PD
3163,REGCO
3164,REGCP
3165,GSCE
3166,GRWLF
3167,GRWTF
3168,GWLPF
3169,GRWFF
3170,AGM-PH
3171,FITBM
3172,AMJB
3173,VYLD
3174,NPPXF
3175,BCAEF
3176,BCENF
3177,BCEIF
3178,BCPPF
3179,TDDWW
3180,NSARO
3181,NSARP
3182,VLYPN
3183,BUSEP
3184,RWT-PA
3185,RWTN
3186,RWTP
3187,RWTQ
3188,RWTO
3189,FNGO
3190,FNGS
3191,FNGU
3192,GDXD
3193,DULL
3194,FLYD
3195,FLYU
3196,BNKD
3197,BNKU
3198,BULZ
3199,JETU
3200,JETD
3201,CARD
3202,CARU
3203,SHNY
3204,WTID
3205,WTIU
3206,GDXU
3207,NRGD
3208,NRGU
3209,OILD
3210,OILU
3211,FLG-PU
3212,FLG-PA
3213,TXEMF
3214,BFS-PE
3215,BERZ
3216,COF-PI
3217,COF-PJ
3218,COF-PK
3219,COF-PL
3220,COF-PN
3221,NLY-PJ
3222,FREJP
3223,FMCKK
3224,PTIXW
3225,CWLXF
3226,UZE
3227,UZF
3228,UZD
3229,OXY-WT
3230,FIISP
3231,FIISO
3232,DCBG
3233,DCOMG
3234,DCOM-P
3235,ATMP
3236,BWVTF
3237,DJP
3238,GBUG
3239,GRN
3240,VXX
3241,VXZ
3242,JJETF
3243,TAPR
3244,WHR-PA
3245,LAWIL
3246,BANFP
3247,ENZND
3248,ORANY
3249,SREA
3250,MGR
3251,MGRB
3252,MGRD
3253,MGRE
3254,NMPWP
3255,NEWEN
3256,NMKCP
3257,NMKBP
3258,RZC
3259,AERGP
3260,SRJN
3261,EPDU
3262,SQFTP
3263,SQFTW
3264,APCXW
3265,MFAN
3266,MFAO
3267,IRS-WT
3268,RHEPZ
3269,RHEPA
3270,RHEPB
3271,XAEIU
3272,EMRJF
3273,EMICF
3274,XAKJ
3275,LLOBF
3276,AQNB
3277,AGQPF
3278,QXO-PB
3279,SWKHL
3280,AMUB
3281,BDCX
3282,BDCZ
3283,CEFD
3284,USML
3285,UCIB
3286,MVRL
3287,PFFL
3288,QULL
3289,SCDL
3290,SMHB
3291,IWML
3292,MLPB
3293,MLPR
3294,MTUL
3295,HDLB
3296,IFED
3297,IWDL
3298,IWFL
3299,MNUPF
3300,MNQFF
3301,FNFPA
3302,DHCNI
3303,DHCNL
3304,TMSOF
3305,PCG-PX
3306,WAFDP
3307,GLU-PA
3308,ET-PI
3309,AHL-PF
3310,ZARE
3311,BWBBP
3312,CODI-PC
3313,TOGIW
3314,FGBIP
3315,EFC-PC
3316,EFC-PD
3317,NCPLW
3318,HCIIP
3319,VRMWW
3320,IHICF
3321,INBKZ
3322,GLDW
3323,LAAI
3324,NHS-RI
3325,SFDMF
3326,NIXXW
3327,ATHS
3328,ATH-PE
3329,SSSSL
3330,BTGRF
3331,BTLWF
3332,BEPH
3333,BEPI
3334,BEP-PA
3335,BEPJ
3336,BFH-PA
3337,STNDF
3338,SNTUF
3339,OXSQG
3340,CILFY
3341,OXSQH
3342,QVCC
3343,ABR-PD
3344,ABR-PE
3345,ABR-PF
3346,MFICL
3347,TEN-PE
3348,TEN-PF
3349,PSA-PI
3350,PSA-PJ
3351,PSA-PF
3352,PSA-PG
3353,DTSTW
3354,BNCWZ
3355,HTFC
3356,LOIMF
3357,CPER
3358,BXCAP
3359,PSA-PL
3360,PSA-PM
3361,PSA-PN
3362,PSA-PO
3363,PSA-PP
3364,PSA-PQ
3365,PSA-PR
3366,PSA-PS
3367,NMPRY
3368,ASCIX
3369,HYNLY
3370,COEPW
3371,ELVGD
3372,BRLLD
3373,NSA-PB
3374,ZNKUF
3375,OPP-PC
3376,OPP-PA
3377,OPP-PB
3378,SMSOF
3379,LFT-PA
3380,OFSSH
3381,OFSSO
3382,PRBZF
3383,INN-PF
3384,KPLTW
3385,UVIX
3386,XRXDW
3387,GFSAY
3388,BK-PK
3389,ANABV
3390,NXDT-PA
3391,SGBAF
3392,CIMP
3393,CIMN
3394,CIMO
3395,BIPH
3396,BIPI
3397,BIPJ
3398,BRIPF
3399,AGQ
3400,BOIL
3401,EUO
3402,GLL
3403,KOLD
3404,YCL
3405,YCS
3406,ZSL
3407,UGL
3408,ULE
3409,UVXY
3410,VIXM
3411,VIXY
3412,SCO
3413,SVXY
3414,UCO
3415,CUBB
3416,HPP-PC
3417,PFXNZ
3418,ATLCL
3419,ATLCZ
3420,LOB-PA
3421,JTGLF
3422,NHPAP
3423,NHPBP
3424,NWSLL
3425,RCD
3426,RCB
3427,RC-PC
3428,RC-PE
3429,GDHLF
3430,NIOBW
3431,MITN
3432,MITP
3433,NMFCZ
3434,GME-WT
3435,CANE
3436,CORN
3437,SOYB
3438,TAGS
3439,WEAT
3440,NWSZF
3441,TWOD
3442,DSX-WT
3443,AHNRD
3444,SAJ
3445,SAT
3446,SAY
3447,SAZ
3448,SAV
3449,IHETW
3450,KKRT
3451,KKRS
3452,AGNCZ
3453,AGNCL
3454,ASPSZ
3455,ASPSW
3456,NXPGF
3457,DUKB
3458,CITAF
3459,GAINN
3460,GAINZ
3461,GAING
3462,GAINI
3463,MSBIP
3464,RILYG
3465,RILYL
3466,RILYN
3467,RILYP
3468,RILYT
3469,RILYZ
3470,GMBLP
3471,GMBLZ
3472,PMTU
3473,PMTW
3474,PMTV
3475,HSCSW
3476,KPHMW
3477,ORCL-PD
3478,WCPRF
3479,LTAFX
3480,LTCFX
3481,VIVKD
3482,NZEOY
3483,OSDVF
3484,HWLDF
3485,NXG-RI
3486,RIV-PA
3487,ADAMI
3488,ADAMN
3489,ADAMG
3490,ADAMM
3491,ADAMH
3492,ADAML
3493,ADAMZ
3494,ADAMO
3495,BPYPM
3496,BPYPN
3497,BPYPO
3498,RITM-PA
3499,RITM-PB
3500,RITM-PF
3501,RITM-PE
3502,RITM-PC
3503,RITM-PD
3504,XRN-PA
3505,XRN-PB
3506,CTTRF
3507,BTDPF
3508,EP-PC
3509,LOMWF
3510,DUKRD
3511,FCRX
3512,WNRS
3513,BWET
3514,CICB
3515,CGABL
3516,CTPUF
3517,PRIF-PD
3518,PRIF-PJ
3519,PRIF-PK
3520,PRIF-PL
3521,ITRMF
3522,FRTJF
3523,FINCF
3524,FRTSF
3525,FTPSF
3526,FTRSF
3527,AMPGZ
3528,AMPGR
3529,GNL-PB
3530,GNL-PE
3531,GNL-PD
3532,TFIN-P
3533,ISADY
3534,GIPRW
3535,WYTC
3536,WHFCL
3537,KREF-PA
3538,MBINM
3539,MBINL
3540,SYF-PB
3541,LBRA
3542,BWNB
3543,BW-PA
3544,AREBW
3545,PW-PA
3546,ECCC
3547,ECC-PD
3548,ECCU
3549,ECCV
3550,ECCW
3551,NEWTH
3552,NEWTP
3553,NEWTG
3554,NEWTO
3555,AHRT-PA
3556,BBAAY
3557,ELLA
3558,AUIWF
3559,BUHHF
3560,TNONW
3561,PPLOF
3562,PBPRF
3563,PBNAF
3564,PMBPF
3565,PMMBF
3566,PPLAF
3567,GECCH
3568,GECCG
3569,GECCO
3570,GECCI
3571,HTZWW
3572,NRSAX
3573,TRTN-PB
3574,LENDX
3575,TRTN-PC
3576,TRTN-PD
3577,TRTN-PE
3578,TRTN-PF
3579,TRTN-PG
3580,BSTT
3581,RWAYI
3582,RWAYL
3583,ACONW
3584,HPE-PC
3585,LBRDP
3586,RPT-PC
3587,MPLXP
3588,EYGPF
3589,EYUUF
3590,FVGPY
3591,RTEZ
3592,PMFAX
3593,BENFW
3594,AOMD
3595,AOMN
3596,TOIIW
3597,TMCWW
3598,BSLKW
3599,GROVW
3600,OSRHW
3601,ZENVF
3602,SPWRW
3603,BBAI-WT
3604,BODYW
3605,GPATU
3606,GPATW
3607,GROY-WT
3608,OWLTW
3609,ABXL
3610,HLLY-WT
3611,HUMAW
3612,WSUPW
3613,TVAIR
3614,TVAIU
3615,CTSWF
3616,CTSUF
3617,MOBXW
3618,GDSTR
3619,GDSTW
3620,WINVR
3621,SHFSW
3622,AERTW
3623,GREEL
3624,NPWR-WT
3625,PDSKX
3626,CELUW
3627,OWSCX
3628,MCOMW
3629,CFTR-PA
3630,FFAIW
3631,PRXK
3632,PRXA
3633,COBA
3634,FNCHQ
3635,ICRL
3636,ICRP
3637,METCI
3638,METCZ
3639,STSR
3640,BTBDW
3641,WRLWF
3642,WRLRF
3643,WLGMF
3644,MVSTW
3645,TRINZ
3646,TRINI
3647,KUKEY
3648,PMVCW
3649,OPENW
3650,OPENL
3651,OPENZ
3652,NICHX
3653,ALTG-PA
3654,BGFR
3655,OCCIM
3656,SCAFF
3657,SKILW
3658,DFNSW
3659,FOUR-PA
3660,ADDTF
3661,BEATW
3662,LTRYW
3663,RENXF
3664,SSTPW
3665,HFRO-PA
3666,HFRO-PB
3667,BYCBF
3668,EICC
3669,GCGJ
3670,BKSY-WT
3671,SWDR
3672,GPMT-PA
3673,SACH-PA
3674,SCCD
3675,SCCE
3676,SCCF
3677,SCCG
3678,DFUKF
3679,DFDVW
3680,MSPRW
3681,MSPRZ
3682,KCLHF
3683,ACAT
3684,CPPTL
3685,CORZW
3686,CORZZ
3687,CORZR
3688,BFRGW
3689,GEGGL
3690,CDAWF
3691,TPGXL
3692,LVWR-WT
3693,VSEEW
3694,ASTLW
3695,AMPWF
3696,FSHPR
3697,HVIIU
3698,HVIIR
3699,FIGP
3700,KORGW
3701,FLYX-WT
3702,ZHIHF
3703,PCTTU
3704,PCTTW
3705,PCTBP
3706,FOXOW
3707,CXAIW
3708,JOBY-WT
3709,BZFDW
3710,ISLUF
3711,ISLWF
3712,HEMNF
3713,GSTK
3714,CLRRF
3715,CLRUF
3716,CLRWF
3717,ESHAR
3718,FEAV
3719,KVACW
3720,KVACU
3721,HSIGF
3722,ANSCU
3723,ANSCW
3724,SWVLW
3725,BETRW
3726,MDAIW
3727,ASAIY
3728,PIIIW
3729,PRIAF
3730,XOSWW
3731,CPTKW
3732,EVEX-WT
3733,OPADW
3734,SKYH-WT
3735,RBOTW
3736,VACHU
3737,VACHW
3738,STWI
3739,NPEHF
3740,TE-WT
3741,AMPX-WT
3742,ASPCU
3743,ASPCR
3744,LSEB
3745,FLDDW
3746,VFSWW
3747,RZLVW
3748,BAKR
3749,AFJKU
3750,AFJKR
3751,THQQF
3752,QLUNF
3753,RDPTF
3754,SDAWW
3755,WELWF
3756,WELUF
3757,BKLPF
3758,ADSEW
3759,VMCWF
3760,VMCUF
3761,CRBD
3762,ACQC
3763,KITTW
3764,VLN-WT
3765,BTSGU
3766,EMCWF
3767,EMCRF
3768,EMCUF
3769,WRDIF
3770,MSOGF
3771,PHXE-P
3772,ACHR-WT
3773,IONQ-WT
3774,NOTEW
3775,VGASW
3776,BNAIW
3777,TLSIW
3778,SEPSF
3779,ALURW
3780,ESMR
3781,BKHAU
3782,BKHAR
3783,FVNNU
3784,FVNNR
3785,CCIXU
3786,CCIXW
3787,KIDZW
3788,TAVIU
3789,TAVIR
3790,YHNAR
3791,YHNAU
3792,SNNRF
3793,RDACR
3794,RDACU
3795,FSTWF
3796,STTPF
3797,IPCXU
3798,IPCXR
3799,TNMWF
3800,DMIIR
3801,DMIIU
3802,RANGR
3803,RANGU
3804,DAICW
3805,STKTF
3806,MLACU
3807,MLACR
3808,LPBBW
3809,LPBBU
3810,ALISU
3811,ALISR
3812,HAVAU
3813,HAVAR
3814,APACU
3815,APACR
3816,GTERR
3817,GTERW
3818,GTERU
3819,NPACW
3820,NPACU
3821,LCCCU
3822,LCCCR
3823,BLUWU
3824,BLUWW
3825,MLCIL
3826,PCAPW
3827,PCAPU
3828,FGIWW
3829,CYCUW
3830,CINGW
3831,MSAIW
3832,ALSTF
3833,ALSWF
3834,AISPW
3835,FILG
3836,IAUX-WT
3837,BEAGU
3838,BEAGR
3839,SGST
3840,NTCS
3841,SXTPW
3842,APTN
3843,GSMT
3844,ALMP
3845,NOEMW
3846,NOEMU
3847,NOEMR
3848,CRMLW
3849,MPTI-RI
3850,NE-WTA
3851,NE-WT
3852,SPKLU
3853,SPKLW
3854,YBZN
3855,KDKRW
3856,SOARW
3857,GCTS-WT
3858,APOS
3859,TLGWF
3860,TLGUF
3861,NNAVW
3862,NXNVW
3863,WBXWF
3864,ANGHW
3865,HIPOW
3866,VLDXW
3867,SRZNW
3868,ALCYU
3869,ALCYW
3870,GWH-WT
3871,OPFI-WT
3872,BARKW
3873,KTTAW
3874,LOCLW
3875,CMCWF
3876,CMCUF
3877,NVACW
3878,SEATW
3879,DRMAW
3880,IXQUF
3881,IXQWF
3882,BRLSW
3883,PSQH-WT
3884,IMAQR
3885,PLSAY
3886,SLND-WT
3887,SATLW
3888,VHABW
3889,OPTXW
3890,PL-WT
3891,ONFOW
3892,ONFOP
3893,REEWF
3894,REEUF
3895,BKKT-WT
3896,JXN-PA
3897,GLTK
3898,TDACU
3899,TDACW
3900,HSPTU
3901,HSPTR
3902,GIBOW
3903,NUAIW
3904,NTWOW
3905,NTWOU
3906,LZM-WT
3907,SVUWF
3908,AKPPS
3909,LMMY
3910,MACT
3911,IMAA
3912,PDPA
3913,LPAAU
3914,LPAAW
3915,IBACR
3916,CHPGU
3917,CHPGR
3918,EDVGF
3919,BGLWW
3920,MDCXW
3921,GTENW
3922,GTENU
3923,HNIT
3924,TLPPF
3925,RFAIU
3926,RFAIR
3927,SOUL-RI
3928,SOUL-UN
3929,OPTHF
3930,CAPNU
3931,CAPNR
3932,SBXD-UN
3933,SBXD-WT
3934,OACCW
3935,ATIIU
3936,ATIIW
3937,OACCU
3938,OCSAW
3939,SPME
3940,SPMA
3941,TRWD
3942,RLNDF
3943,PYAIF
3944,RMSGW
3945,VTBAS
3946,NVNIW
3947,OIOWW
3948,BAYAU
3949,BAYAR
3950,GAFC
3951,SCAGW
3952,AFRIW
3953,APADR
3954,APADU
3955,LVRWF
3956,MLECW
3957,FBYDW
3958,EURKR
3959,EURKU
3960,DSYWW
3961,MRNOW
3962,MGSD
3963,SIMAW
3964,SIMAU
3965,FERAR
3966,FERAU
3967,TICAW
3968,VDTA
3969,SVCCW
3970,SVCCU
3971,DGMDF
3972,AACBR
3973,AACBU
3974,TVACU
3975,TVACW
3976,AVSBS
3977,AVPKS
3978,AEHGS
3979,ALOIS
3980,AGMWF
3981,GRMLW
3982,LDDFD
3983,LANV-WT
3984,GRAF-WT
3985,ALVOW
3986,AIMUF
3987,AIMWF
3988,PAII-UN
3989,PAII-WT
3990,SOCAW
3991,SOCAU
3992,NPIFF
3993,NPICF
3994,HCMAU
3995,HCMAW
3996,FCRS-WT
3997,FCRS-UN
3998,KRSP-WT
3999,KRSP-UN
4000,MXUGF
4001,RDAGU
4002,RDAGW
4003,EVAC-UN
4004,EVAC-WT
4005,TKMEF
4006,MANDF
4007,JACS-RI
4008,COLAU
4009,COLAR
4010,DTSQR
4011,DTSQU
4012,MACIW
4013,MACIU
4014,GCLWW
4015,LEGT-WT
4016,LEGT-UN
4017,ALFUW
4018,ALFUU
4019,TACHW
4020,TACHU
4021,ERNAW
4022,CLSKW
4023,C-PN
4024,C-PR
4025,GENVR
4026,SENEM
4027,SENEL
4028,WSBCO
4029,USB-PR
4030,USB-PS
4031,BC-PC
4032,MTAL-UN
4033,MTAL-WT
4034,SWCPF
4035,KATJF
4036,TMTSU
4037,TMTSW
4038,ZJNGF
4039,MUZEW
4040,MUZEU
4041,RFAMR
4042,RFAMU
4043,ILLUU
4044,AACOU
4045,AACOW
4046,CPWPF
4047,CPRHF
4048,AACIU
4049,AACIW
4050,MLAAW
4051,MLAAU
4052,CSHRW
4053,VHCPW
4054,VHCPU
4055,QRED-UN
4056,BEBE-WT
4057,BEBE-UN
4058,ELEEF
4059,ERBGF
4060,IGACU
4061,IGACR
4062,YCY-UN
4063,YCY-WT
4064,TRGSU
4065,GIXXR
4066,GIXXU
4067,UAC-UN
4068,UAC-WT
4069,DBCAW
4070,DBCAU
4071,SVAQU
4072,SVAQW
4073,SAC-UN
4074,SAC-WT
4075,CRANU
4076,CRANR
4077,SORNW
4078,SORNU
4079,ARTCW
4080,ARTCU
4081,SVIVU
4082,SVIVW
4083,MZYX-UN
4084,OBCKF
4085,CLBR-UN
4086,CLBR-WT
4087,TRAXV
4088,ADACU
4089,ADACW
4090,DUTBF
4091,LFACU
4092,LFACW
4093,SVNHF
4094,GPACU
4095,GPACW
4096,PAACU
4097,PAACW
4098,AMVIF
4099,MEVOW
4100,MEVOU
4101,GGPSF
4102,QADRU
4103,VACI-WT
4104,VACI-UN
4105,HCICU
4106,HCICR
4107,BGTCF
4108,MSOKF
4109,NUCLW
4110,FGIIU
4111,FGIIW
4112,CTAAU
4113,PFSEF
4114,BLRKW
4115,BLRKU
4116,GIWWU
4117,GIWWR
4118,MYXXU
4119,FMACU
4120,CAQUU
4121,CAQUW
4122,IEAGR
4123,IEAGU
4124,ZKPU
4125,ZKPW
4126,ZJLMF
4127,WLIIU
4128,WLIIW
4129,ALOVW
4130,APXCF
4131,GLED-UN
4132,GLED-RI
4133,RNGOF
4134,ACAAU
4135,ACAAW
4136,AACPU
4137,PALOW
4138,PALOU
4139,SUMAU
4140,PONOU
4141,IPEXR
4142,IPEXU
4143,TKMSF
4144,MBAVU
4145,MBAVW
4146,ATHNF
4147,BRETF
4148,BCSS-UN
4149,BCSS-WT
4150,LAFAU
4151,LAFAR
4152,BSAAR
4153,BSAAU
4154,WTGUU
4155,WTGUR
4156,LWACU
4157,LWACW
4158,ALUB-UN
4159,ALUB-WT
4160,GSHRU
4161,GSHRW
4162,NHICU
4163,NHICW
4164,SDHIU
4165,SDHIR
4166,KFIIR
4167,KFIIU
4168,PGACU
4169,PGACR
4170,SZZLU
4171,SZZLR
4172,KYFGF
4173,SHFH
4174,DRDBU
4175,DRDBW
4176,OBAWU
4177,OBAWW
4178,KXHCF
4179,EGHAR
4180,EGHAU
4181,XRPNW
4182,XRPNU
4183,PEW-WT
4184,DAAQW
4185,DAAQU
4186,CRYAF
4187,XSLLU
4188,XSLLW
4189,CMIIU
4190,CMIIW
4191,XFLH-UN
4192,XFLH-RI
4193,HQWWW
4194,OBIBF
4195,MTPLF
4196,NHIVU
4197,IPFXU
4198,HRZRF
4199,CCIIW
4200,CCIIU
4201,STHRF
4202,JNGHF
4203,GSRFU
4204,GSRFR
4205,QUMSU
4206,QUMSR
4207,COPL-WT
4208,COPL-UN
4209,BDTB
4210,MMTXU
4211,MMTXW
4212,SVAUF
4213,TLNCU
4214,TLNCW
4215,CGCTU
4216,CGCTW
4217,RAAQU
4218,RAAQW
4219,CHECW
4220,CHECU
4221,LOKVW
4222,LOKVU
4223,SUNXF
4224,HCACR
4225,ITHAU
4226,ITHAW
4227,SSACR
4228,SSACW
4229,SSACU
4230,MESHU
4231,MESHW
4232,WPAC-RI
4233,WPAC-UN
4234,KRAQW
4235,KRAQU
4236,RLMLF
4237,URSB
4238,LEGO-UN
4239,LEGO-WT
4240,FTW-WT
4241,XCBEU
4242,XCBEW
4243,ARCIW
4244,ARCIU
4245,SVACU
4246,SVACW
4247,SCIIR
4248,SCIIU
4249,SHAZW
4250,MCGAW
4251,MCGAU
4252,CUBWW
4253,CUBWU
4254,LDXC
4255,TOYWF
4256,OYCG
4257,FMSTW
4258,AMBWQ
4259,FGSN
4260,FGN
4261,KMFG
4262,BAERW
4263,GFRWF
4264,SCPQW
4265,SCPQU
4266,SBXE-UN
4267,SBXE-WT
4268,LATAU
4269,LATAW
4270,OIMAW
4271,TRAD-UN
4272,BIII-WT
4273,BIII-UN
4274,GBNXF
4275,MBVIW
4276,MBVIU
4277,AIIA-RI
4278,TRMLF
4279,BACCR
4280,BACCU
4281,NMPAR
4282,ONCHW
4283,ONCHU
4284,KCHVU
4285,KCHVR
4286,SCSXY
4287,LSHGF
4288,INACR
4289,INACU
4290,MKLYU
4291,MKLYR
4292,BPACU
4293,BPACR
4294,BCARW
4295,BCARU
4296,TGE-WT
4297,TWLVR
4298,TWLVU
4299,CRAQR
4300,CRAQU
4301,AXINU
4302,AXINR
4303,SPGDF
4304,IPODW
4305,IPODU
4306,BDCIW
4307,BDCIU
4308,RAC-UN
4309,RAC-WT
4310,ORIQW
4311,ORIQU
4312,MTLPF
4313,IACOU
4314,IACOW
4315,MGCOF
4316,TNEYF
4317,NWAX-UN
4318,NWAX-WT
4319,HVMCW
4320,HVMCU
4321,CTATF
4322,CCXIU
4323,CCXIW
4324,EMISR
4325,DYORW
4326,DYORU
4327,TDWDR
4328,TDWDU
4329,EVOXW
4330,EVOXU
4331,RTACW
4332,RTACU
4333,WLACU
4334,WLACW
4335,TACOU
4336,TACOW
4337,PLMKW
4338,PLMKU
4339,ALDFU
4340,ALDFW
4341,CHARR
4342,CHARU
4343,GIGGU
4344,GIGGW
4345,THTG
4346,SPEGU
4347,SPEGR
4348,BIXIU
4349,BIXIW
4350,DSACU
4351,DSACW
4352,AEAQU
4353,AEAQW
4354,LPCVW
4355,LPCVU
4356,CRACR
4357,CRACW
4358,CRACU
4359,PREKF
4360,WSTNU
4361,WSTNR
4362,TNDEF
4363,FLNCF
4364,FGRS
4365,MDDNF
4366,SCXBF
4367,KOYNW
4368,KOYNU
4369,VNMEW
4370,QSEAU
4371,QSEAR
4372,VNMEU
4373,IRHOR
4374,OYSEU
4375,OYSER
4376,WHLRL
4377,CCID
4378,GGBY
4379,BSMLP
4380,BCTXL
4381,AZLUY
4382,AZUXY
4383,AZSAY
4384,THRC
4385,ISMCF
4386,RGPX
4387,PBATF
4388,OXLCN
4389,OXLCL
4390,OXLCI
4391,OXLCP
4392,OXLCZ
4393,OXLCG
4394,PRHIZ
4395,PEB-PG
4396,PEB-PH
4397,DTK
4398,DTB
4399,DTG
4400,AFGD
4401,AFGE
4402,GLDI
4403,SLVO
4404,USOI
4405,AFGB
4406,BESS-WT
4407,SWZCF
4408,PREJF
4409,EBRGF
4410,EBRZF
4411,ENFFF
4412,ENBHF
4413,ENBMF
4414,ENBOF
4415,ENBSF
4416,ENBNF
4417,ENBGF
4418,ENBRF
4419,ENNPF
4420,PFH
4421,PRH
4422,PRS
4423,SLFQF
4424,PTCCY
4425,GOODO
4426,TRPPF
4427,TRPEF
4428,TCEYF
4429,TCENF
4430,TCNCF
4431,TRPRF
4432,PSEC-PA
4433,GLP-PB
4434,SEAL-PA
4435,SEAL-PB
4436,PERF-WT
4437,FGMCU
4438,FGMCR
4439,RPDL
4440,SMXWW
4441,NBRGR
4442,ABLVW
4443,HSPWF
4444,USGOW
4445,ALPWF
4446,POLEU
4447,POLEW
4448,FACTU
4449,FACTW
4450,DMAAU
4451,DMAAR
4452,ETHMW
4453,ETHMU
4454,LACHF
4455,INFQ-WT
4456,KWMWW
4457,QETAR
4458,QETAU
4459,PBMWW
4460,BBCQU
4461,BBCQW
4462,KBONW
4463,KBONU
4464,PNFP-PB
4465,PNFP-PC
4466,PNFP-PA
4467,KTWOR
4468,KTWOU
4469,BWIV-UN
4470,APXTU
4471,APXTW
4472,DNMXU
4473,DNMXW
4474,RNGTU
4475,RNGTW
4476,BHAVU
4477,KPET-UN
4478,SWBGF
4479,PTORW
4480,PTORU
4481,HACQW
4482,HACQU
4483,SAAQU
4484,SAAQW
4485,MNMXF
4486,ACGCU
4487,JXADF
4488,JENA-UN
4489,JENA-RI
4490,WENNW
4491,WENNU
4492,PMTRU
4493,PMTRW
4494,BLZRW
4495,BLZRU
4496,IRAB-WT
4497,IRAB-UN
4498,LPUGF
4499,LKSPR
4500,LKSPU
4501,FIGXW
4502,FIGXU
4503,SSEAU
4504,SSEAR
4505,RIBBU
4506,RIBBR
4507,BLNH
4508,UYSCR
4509,PACHW
4510,PACHU
4511,NEXRW
4512,GGROW
4513,ASUUF
4514,ASCRF
4515,ASCWF
4516,MCAGR
4517,IGTAR
4518,CFNHS
4519,CTYFS
4520,CTFTS
4521,CTFDS
4522,CTFPS
4523,CTYDS
4524,CFLAS
4525,CTFMS
4526,SMEGF
4527,BNZIW
4528,PVOZ
4529,CSTUF
4530,CSTWF
4531,ALBC
4532,UHGWW
4533,JWSUF
4534,JWSWF
4535,LNZAW
4536,EONR-WT
4537,XBPEW
4538,PINE-PA
4539,LARAX
4540,OZVN
4541,LUCYW
4542,EDBLW
4543,SES-WT
4544,TALKW
4545,QFNHF
4546,HSCT
4547,FATPQ
4548,FABTQ
4549,TOFB
4550,ASNS
4551,VSBGF
4552,GRI
4553,AZTR
4554,SBLX
4555,ITP
4556,SLXN
4557,LXEH
4558,BYAH
4559,MTNB
4560,BQ
4561,SYGCF
4562,BRQSF
4563,GEDC
4564,BZYR
4565,NUWE
4566,ISPC
4567,UCAR
4568,SGLY
4569,HIGR
4570,BUDZ
4571,ZSPC
4572,NXTS
4573,AUMN
4574,SDOT
4575,FDXTF
4576,XRTX
4577,RAYA
4578,GOVX
4579,UK
4580,CLDI
4581,TGNT
4582,IVDA
4583,MEHA
4584,JEM
4585,GRHI
4586,OGEN
4587,ENFY
4588,ORIS
4589,ATPC
4590,PMAX
4591,TIVC
4592,EZOO
4593,GBUX
4594,XONI
4595,PGOL
4596,FRGT
4597,CLRI
4598,CHR
4599,CNET
4600,INM
4601,OVTZ
4602,PRFX
4603,IMCC
4604,GNLN
4605,AUUD
4606,LBSR
4607,MMEX
4608,MYSZ
4609,CISS
4610,FMHS
4611,CMND
4612,CNSP
4613,WTER
4614,QWTR
4615,SCNI
4616,RDGT
4617,BDRX
4618,AGMH
4619,PPCB
4620,CCTG
4621,MDLK
4622,BSPK
4623,BIYA
4624,DRCT
4625,BABYF
4626,SAGT
4627,IBG
4628,UPC
4629,BJDX
4630,VPRB
4631,FUST
4632,SXTC
4633,AGTX
4634,KSEZ
4635,FEED
4636,FCHL
4637,RPGL
4638,DEFG
4639,PAVS
4640,AKAN
4641,JDZG
4642,PREM
4643,YBGJ
4644,INHD
4645,MITI
4646,ESMC
4647,ZVSA
4648,IPW
4649,NEXR
4650,WOK
4651,JZXN
4652,AEHL
4653,VIVC
4654,XXII
4655,MTEN
4656,ASFT
4657,BVAXF
4658,MGAM
4659,WHLR
4660,ENRT
4661,QPRC
4662,ADNH
4663,NIVF
4664,OMQS
4665,LSBCF
4666,BRVO
4667,CUEN
4668,TLSS
4669,SBEV
4670,WORX
4671,SOBR
4672,VRAX
4673,VHAI
4674,NUMD
4675,AERA
4676,QHUOY
4677,QIND
4678,AHRO
4679,PFSA
4680,GMER
4681,XAGE
4682,GNTOF
4683,IRME
4684,HKIT
4685,NIHK
4686,LITSF
4687,QSJC
4688,ZCAR
4689,CCCP
4690,CBDW
4691,DREM
4692,CERO
4693,SBIG
4694,GFMH
4695,OWPC
4696,FRZT
4697,DTII
4698,HEPA
4699,GTIJF
4700,DGTEF
4701,SKYI
4702,ITOX
4703,VSA
4704,MCOM
4705,LGMK
4706,TIRXF
4707,AIBT
4708,CRKN
4709,BBLR
4710,SATT
4711,LNBY
4712,NNAX
4713,CHMX
4714,ETUGF
4715,SNBH
4716,CYTOF
4717,ZAPPF
4718,ABPO
4719,PTPI
4720,MTLK
4721,BDCC
4722,HGAS
4723,ONAR
4724,OMTK
4725,NRHI
4726,CPTAF
4727,NBND
4728,GCAN
4729,BDPT
4730,BHATF
4731,IMTH
4732,LIPO
4733,LDTCF
4734,ATDS
4735,SIGY
4736,BINI
4737,STEK
4738,BLMZF
4739,STBXF
4740,BSFC
4741,NMHI
4742,CWNOF
4743,WLGSF
4744,BRST
4745,ALCE
4746,STRG
4747,CREVF
4748,TVCN
4749,FRFAF
4750,GST
4751,SSTR
4752,ZTG
4753,LHI
4754,CGL
4755,INHI
4756,TTEI
4757,XXC
4758,EMI
4759,UHP
4760,JHPCY
4761,KWF
4762,VTEK
4763,SYNSY
4764,BAO
4765,STA
4766,IBL
4767,CADV
4768,CCIL
4769,TMCR
4770,UPX
4771,EVON
4772,BVENY
4773,MAIR
4774,CDN
4775,ALGRF
4776,PICS
4777,RYOOF
4778,ICR-PA
4779,ETI-P
4780,TSM
4781,LABT
4782,GOOG
4783,BRK-A
4784,ASMLF
4785,TSMWF
4786,BABAF
4787,PCCYF
4788,JPM-PC
4789,JPM-PD
4790,NVSEF
4791,BML-PG
4792,BML-PH
4793,RYDAF
4794,BML-PL
4795,BAC-PB
4796,TOYOF
4797,CILJF
4798,BAC-PK
4799,BML-PJ
4800,BAC-PE
4801,MBFJF
4802,HBCYF
4803,BHPLF
4804,WFC-PY
4805,SAPGF
4806,WFC-PL
4807,BCDRF
4808,NONOF
4809,SNEJF
4810,ABBNY
4811,ABLZF
4812,TBB
4813,SNYNF
4814,UNLYF
4815,BUDFF
4816,WFC-PC
4817,DTEGF
4818,GLAXF
4819,BPAQF
4820,RTPPF
4821,SMFNF
4822,IDEXF
4823,BYDDF
4824,CMXHF
4825,AIQUF
4826,BAESF
4827,NETTF
4828,USB-PH
4829,EBBNF
4830,CTA-PB
4831,USB-PP
4832,GS-PA
4833,AMXOF
4834,GS-PD
4835,MS-PA
4836,MS-PK
4837,MS-PI
4838,PBR-A
4839,STOHF
4840,FMCCT
4841,MS-PF
4842,MS-PE
4843,RLXXF
4844,DUK-PA
4845,NOKBF
4846,BAIDF
4847,EIPAF
4848,IFNNF
4849,MZHOF
4850,HTHIF
4851,SCHW-PD
4852,NGGTF
4853,TKPHF
4854,DKILF
4855,BECEF
4856,SPG-PJ
4857,BSQKZ
4858,CTA-PA
4859,TNCAF
4860,INGVF
4861,MET-PA
4862,TRPCF
4863,ITOCF
4864,MET-PE
4865,LLDTF
4866,BBVXF
4867,HLNCF
4868,TCANF
4869,JDCMF
4870,PLDGP
4871,HNDAF
4872,BAMGF
4873,HEI-A
4874,PINXF
4875,TCKRF
4876,CRARF
4877,ENAKF
4878,RBSPF
4879,ERIXF
4880,PUKPF
4881,WOPEF
4882,ALL-PH
4883,BMDPF
4884,LEN-B
4885,CIXPF
4886,BCLYF
4887,RSMDF
4888,CODGF
4889,LAAOF
4890,ORXCF
4891,FOX
4892,VODPF
4893,BBDO
4894,HRNNF
4895,GNMSF
4896,AU
4897,DLR-PK
4898,STMEF
4899,CAJPY
4900,HKHHF
4901,FCNCB
4902,AMSYF
4903,SAXPF
4904,RYAOF
4905,MKC-V
4906,TNRSF
4907,FWONK
4908,CAJFF
4909,HMRZF
4910,DLR-PJ
4911,COCSF
4912,ICHGF
4913,RCIAF
4914,XPNGF
4915,Z
4916,STT-PG
4917,KYOCF
4918,KYOCY
4919,HIG-PG
4920,FWONB
4921,FITBI
4922,POAHF
4923,NRSCF
4924,HOLX
4925,JHIUF
4926,SPXSF
4927,RYLPF
4928,SURDF
4929,NWS
4930,BIO-B
4931,CHKIF
4932,ADTTF
4933,KEY-PK
4934,FSNUF
4935,TEVJF
4936,KEY-PJ
4937,SGIOF
4938,NLY-PG
4939,FRFFF
4940,NLY-PF
4941,BF-B
4942,PTPIF
4943,KEY-PI
4944,MDXG
4945,MAKO
4946,RKLIF
4947,GELYF
4948,WSO-B
4949,FMCQF
4950,SNNUF
4951,ACGLO
4952,LFS
4953,ERRAF
4954,CIG-C
4955,PIRBF
4956,SBYSF
4957,DQJCF
4958,PBNNF
4959,PRYMF
4960,GPAEF
4961,MNBEF
4962,AEGOF
4963,CUKPF
4964,YAMHF
4965,GLIBB
4966,NDEKF
4967,ASRMF
4968,SBMFF
4969,JGSHF
4970,LBTYB
4971,UEPCN
4972,CXMSF
4973,SAPIF
4974,DINRF
4975,PSORF
4976,AGNCN
4977,AGNCM
4978,UEPEO
4979,UEPEP
4980,PSNYW
4981,SASOF
4982,VNORP
4983,CWEN-A
4984,AMH-PH
4985,OSCUF
4986,NWOEF
4987,VNO-PL
4988,AMH-PG
4989,UEPCP
4990,FRT-PC
4991,VNO-PM
4992,FMCKI
4993,ZJK
4994,GS-PC
4995,ATH-PA
4996,UEPEN
4997,AL
4998,YMHAY
4999,BLBLF
5000,VOYA-PB
5001,XZJCF
5002,GIFLF
5003,KOSCF
5004,PADEF
5005,GIFOF
5006,MSUXF
5007,RCWLY
5008,ATDRF
5009,DSECF
5010,FMCCI
5011,RNR-PF
5012,UEPEM
5013,KIM-PM
5014,KIM-PL
5015,BCUCF
5016,SEE
5017,BMRPF
5018,LIFX
5019,GIKLY
5020,RUSHB
5021,BLFBY
5022,HACBY
5023,ALTB
5024,SLFPF
5025,RTMVF
5026,MITUF
5027,HGMCF
5028,SSRGF
5029,LGCY
5030,PHTCF
5031,EPR-PG
5032,AKO-B
5033,PPENF
5034,GAB-PG
5035,GAERF
5036,AXS-PE
5037,PIFMF
5038,LBTYK
5039,SLMBP
5040,GEF-B
5041,DLAKF
5042,SF-PB
5043,REXR-PB
5044,CIM-PD
5045,CIM-PB
5046,TYTMF
5047,MOG-B
5048,VLYPP
5049,ESYJY
5050,CIM-PC
5051,RYKKF
5052,BELFB
5053,WRB-PE
5054,SOHGY
5055,WBS-PF
5056,VLYPO
5057,RLJ-PA
5058,CIM-PA
5059,BHFAP
5060,ATROB
5061,ASB-PE
5062,MFA-PB
5063,AYASF
5064,HMDCF
5065,FMCCG
5066,AILLI
5067,WELPP
5068,AILLM
5069,AILLN
5070,SOCGP
5071,CDGLF
5072,SRG-PA
5073,TROLB
5074,AILIM
5075,FMCCJ
5076,NHNKF
5077,CENTA
5078,WBHC
5079,CDE
5080,AILLO
5081,LXP-PC
5082,AILIN
5083,IFCNF
5084,IVR-PC
5085,AHL-PE
5086,AILLP
5087,AGM-A
5088,ARZTF
5089,GDV-PH
5090,FISK
5091,GRPFF
5092,EVOTF
5093,FMCCL
5094,OGCP
5095,FMCKL
5096,LTGHF
5097,PMT-PA
5098,PMT-PB
5099,SBOEF
5100,GAB-PH
5101,FMCCS
5102,AHL-PD
5103,FMCCO
5104,FMCKN
5105,FREJN
5106,SENEA
5107,CMGMF
5108,FMCCN
5109,GLOP-PB
5110,FMCKO
5111,FMCKJ
5112,FMCKM
5113,GLOP-PC
5114,FREGP
5115,GLOP-PA
5116,FMCCH
5117,BH
5118,FMCCK
5119,HL-PB
5120,FMCCP
5121,FMCCM
5122,FMCKP
5123,FXCNF
5124,GAM-PB
5125,MEOBF
5126,DGICB
5127,DRDGF
5128,CMRE-PB
5129,CMRE-PD
5130,GDRZF
5131,CMRE-PC
5132,AGM-PD
5133,HVT-A
5134,KELYB
5135,BRSYF
5136,UMH-PD
5137,MTGRF
5138,MITT-PA
5139,MITT-PB
5140,PTCHF
5141,CRD-B
5142,NCV-PA
5143,AVHHL
5144,VSOGF
5145,ARTNB
5146,CKDXF
5147,GUT-PC
5148,NCZ-PA
5149,DFPH
5150,RVRF
5151,GSCCF
5152,PRRUF
5153,SLNCF
5154,PRTHU
5155,LANDP
5156,SWKH
5157,SB-PD
5158,NVNXF
5159,SB-PC
5160,WONDF
5161,BBXIB
5162,SOHOO
5163,SFDL
5164,OFED
5165,ATEK
5166,ENDI
5167,CPTP
5168,GSL-PB
5169,BKSC
5170,FUUFF
5171,TKLS
5172,JOCM
5173,CBRRF
5174,FBIOP
5175,SOHON
5176,HSTC
5177,GTMAY
5178,HCIL
5179,ASCBF
5180,STRC
5181,ENTX
5182,PROCF
5183,ILLR
5184,TRLC
5185,MDNAF
5186,CIZN
5187,VICP
5188,NZEOF
5189,BBXIA
5190,RMHI
5191,WINV
5192,SCYYF
5193,WSKEF
5194,PTN
5195,BIOE
5196,ANPCF
5197,CARG
5198,CLCS
5199,HSTI
5200,ILLMF
5201,OSBK
5202,CTGL
5203,WVVIP
5204,LTCH
5205,HLLK
5206,RDY
5207,MRZLF
5208,TBMC
5209,FALC
5210,WHLM
5211,SFES
5212,BQST
5213,WHLRD
5214,HOOK
5215,PRNAF
5216,ASPU
5217,BNSOF
5218,PNPL
5219,PMDI
5220,PMEDF
5221,SWISF
5222,MGTI
5223,ZIVO
5224,NEXCF
5225,SILEF
5226,FULO
5227,VMNT
5228,CYCA
5229,EXDW
5230,EESH
5231,YQAI
5232,VISL
5233,BBBXF
5234,LCHD
5235,EGLXF
5236,RSCF
5237,DTGI
5238,NMGX
5239,VCNX
5240,UCLE
5241,WDLF
5242,FZMD
5243,QH
5244,CETXP
5245,GPLL
5246,AXIM
5247,IWAL
5248,CAPT
5249,TPHS
5250,JRSS
5251,BYOC
5252,LAZRQ
5253,WHLRP
5254,KITL
5255,SPQS
5256,MGHL
5257,MOBBW
5258,VYRE
5259,PCYN
5260,PLSH
5261,PHBI
5262,NTRR
5263,KOAN
5264,ADMG
5265,BEGI
5266,BLPG
5267,KACLF
5268,ZPTA
5269,EHVVF
5270,RTON
5271,TPICQ
5272,MMMW
5273,GZIC
5274,EDGM
5275,BACK
5276,FRQN
5277,GWSO
5278,EMED
5279,DSGT
5280,DLTI
5281,SONG
5282,NXUR
5283,ELOX
5284,BAC-PL
5285,BAC-PM
5286,BAC-PN
5287,BAC-PO
5288,BAC-PP
5289,BAC-PQ
5290,BAC-PS
5291,FHN-PC
5292,FHN-PE
5293,FHN-PF
5294,SF-PC
5295,SF-PD
5296,CMS-PC
5297,FCELB
5298,MTB-PH
5299,HACBF
5300,T-PC
5301,T-PA
5302,CCNEP
5303,CFR-PB
5304,GAB-PK
5305,WBS-PG
5306,NTRSO
5307,SCHW-PJ
5308,ALL-PI
5309,BOH-PA
5310,ASB-PF
5311,INVUP
5312,FCNCO
5313,FCNCP
5314,FULTP
5315,TFC-PI
5316,TFC-PO
5317,TFC-PR
5318,TDS-PU
5319,TDS-PV
5320,SLNHP
5321,HBANM
5322,HBANP
5323,LNXSF
5324,RDCT
5325,STRF
5326,STRK
5327,BGMSP
5328,CNDIF
5329,CTLPP
5330,SPE-PC
5331,LFMDP
5332,BAMKF
5333,POWWP
5334,MS-PO
5335,ADC-PA
5336,ALB-PA
5337,MS-PL
5338,KIM-PN
5339,RMTHF
5340,MCHPP
5341,AGM-PE
5342,AGM-PF
5343,AGM-PG
5344,FITBO
5345,FITBP
5346,CTO-PA
5347,JPM-PJ
5348,JPM-PK
5349,JPM-PL
5350,JPM-PM
5351,DX-PC
5352,UNTCW
5353,ABAKF
5354,BCEFF
5355,BCEPF
5356,BCEXF
5357,VSECU
5358,TDGMW
5359,SIGIP
5360,NLY-PI
5361,STRD
5362,ACGLN
5363,WEXPF
5364,DCOMP
5365,ZIONP
5366,UEPCO
5367,LNWO
5368,FRMEP
5369,MFA-PC
5370,EPR-PC
5371,EPR-PE
5372,GGT-PG
5373,SHO-PH
5374,SHO-PI
5375,ELCPF
5376,TGOPF
5377,ZIVOW
5378,ZNOGW
5379,MNLCF
5380,MNUFF
5381,TCBIO
5382,NOVTU
5383,GDV-PK
5384,STRRP
5385,CFOR
5386,EFC-PB
5387,OSSFF
5388,GRBK-PA
5389,SBEVW
5390,VIASP
5391,ATH-PB
5392,ATH-PD
5393,BRKRP
5394,SBFMW
5395,SBBTF
5396,BNCWW
5397,TRSO
5398,CHWRF
5399,NOWGD
5400,NEOVW
5401,ANKM
5402,MAPSW
5403,SAABF
5404,QVCGP
5405,QVCGB
5406,BIP-PA
5407,BIP-PB
5408,AXIA-PC
5409,AXIA-P
5410,SKLTF
5411,CLDT-PA
5412,SQLLW
5413,NCHEF
5414,MBUMF
5415,ACP-PA
5416,PNDZF
5417,MITT-PC
5418,KRNGF
5419,GROO
5420,CUBTD
5421,SNIRF
5422,NEMCL
5423,EJTTF
5424,RSNHF
5425,BYDIF
5426,IVDAW
5427,KKR-PD
5428,AGNCO
5429,AGNCP
5430,CUENW
5431,CYJBF
5432,SKPJF
5433,UUGWF
5434,PMT-PC
5435,MIMTF
5436,YRAIF
5437,ACR-PC
5438,ACR-PD
5439,PEGA
5440,ODVWZ
5441,FPHOY
5442,FRSPF
5443,NASC
5444,SMTGF
5445,GIGGF
5446,SOHGF
5447,MLSPF
5448,JPSTF
5449,BAFBF
5450,SHMZF
5451,JBHIF
5452,FGNXP
5453,EBOSF
5454,DPLMF
5455,CPNNF
5456,SHLAF
5457,SHLRF
5458,FORFF
5459,REXR-PC
5460,GRTUF
5461,ISFFF
5462,SNPTF
5463,TRTX-PC
5464,RVMDW
5465,LANDO
5466,PETVW
5467,BCKIF
5468,CCLDO
5469,NXGLW
5470,DBVTF
5471,MBINN
5472,MONRF
5473,SYF-PA
5474,BIVIW
5475,HCTPF
5476,BUGDF
5477,BUHPF
5478,NSKFF
5479,BEIGF
5480,MDV-PA
5481,SNROF
5482,IPSOF
5483,CTRVP
5484,FBRT-PE
5485,OZKAP
5486,DBRG-PH
5487,DBRG-PI
5488,DBRG-PJ
5489,SYAXF
5490,BIAFW
5491,SRTAW
5492,DNOPF
5493,NREF-PA
5494,SBIGW
5495,BYNOU
5496,BYNOW
5497,AUROW
5498,DNABW
5499,REVBW
5500,LTCHW
5501,WGSWW
5502,CDROW
5503,GDSTU
5504,WINVU
5505,WINVW
5506,MINR
5507,ASBPW
5508,SAIHW
5509,VENAF
5510,AMLIF
5511,ASRRF
5512,VTTGF
5513,BHFAM
5514,BHFAN
5515,BHFAO
5516,METCB
5517,MPNGF
5518,STSSW
5519,AIBRF
5520,WEBJF
5521,MNTSW
5522,PASTF
5523,RVSNW
5524,PSPX
5525,ENSCW
5526,HYMCW
5527,OCCIN
5528,OCCIO
5529,DRRKF
5530,SATLF
5531,QGAI
5532,BURUW
5533,SDMHF
5534,JSPRW
5535,ZTOEF
5536,ORGNW
5537,NRXPW
5538,MRCIF
5539,EICA
5540,TCMEF
5541,MNSBP
5542,OPTEY
5543,NTRBW
5544,EVGOW
5545,CEHCF
5546,EVLVW
5547,IVBXF
5548,GLCP
5549,SOUNW
5550,ONMDW
5551,CDAUF
5552,ATEKU
5553,ATEKW
5554,IMPPP
5555,RSVRW
5556,PRENW
5557,ARBEW
5558,ECXWW
5559,SLDPW
5560,XAGEW
5561,VEEAW
5562,WALDW
5563,RGTIW
5564,INPOF
5565,PLMUF
5566,PLMWF
5567,QTIWW
5568,DAVEW
5569,ZPTAW
5570,CRGOW
5571,LIDRW
5572,QSIAW
5573,SATA
5574,CNCKW
5575,SVREW
5576,TETWF
5577,TETUF
5578,CLDWW
5579,CEROW
5580,BZAIW
5581,RAJAF
5582,HPAIW
5583,NIVFW
5584,LDTDF
5585,ENGNW
5586,DAZSF
5587,CDIOW
5588,RDZNW
5589,MTEKW
5590,ZCARW
5591,AMODW
5592,HGASW
5593,AENTW
5594,SCLXW
5595,OKMN
5596,PDYNW
5597,SDSTW
5598,LOTWW
5599,KOKSF
5600,FTK
5601,NGHLF
5602,BULLW
5603,ALSUF
5604,RNWWW
5605,EUDAW
5606,GHBWF
5607,HOLOW
5608,ANNAW
5609,DJTWW
5610,CRTMF
5611,UCFIW
5612,WLDSW
5613,CNDAU
5614,CNDAW
5615,GRABW
5616,ARQQW
5617,ZEOWW
5618,NRSNW
5619,TSPH
5620,BTMWW
5621,LSRCF
5622,CBRGF
5623,ESLAW
5624,CBGGF
5625,RMCOW
5626,HNSDF
5627,HMELF
5628,OABIW
5629,IMAQU
5630,IMAQW
5631,VHAIW
5632,EVTWF
5633,SWAGW
5634,DRTSW
5635,COCHW
5636,ICUCW
5637,FRBP
5638,MYPSW
5639,RUMBW
5640,LIANY
5641,DFSCW
5642,INNPF
5643,PUIGF
5644,RAINW
5645,CCGWW
5646,LIMNW
5647,FUFUW
5648,BCGWW
5649,BDMDW
5650,TBNRL
5651,GMTH
5652,INVLW
5653,SPHIF
5654,SGIPF
5655,FOXXW
5656,LABFF
5657,TANAF
5658,VRBCF
5659,IDPUF
5660,NAKAW
5661,AIIOW
5662,CAPTW
5663,MGTEW
5664,MNYWW
5665,LVROF
5666,NAMSW
5667,ABVEW
5668,SHMDW
5669,YDESW
5670,PMCUF
5671,NAMMW
5672,SMNRW
5673,HOVRW
5674,GRRRW
5675,CDTTW
5676,ABPWW
5677,LLYVB
5678,LLYVK
5679,TCLHF
5680,BIREF
5681,DLMAF
5682,GMWKF
5683,JACS-UN
5684,IMSRW
5685,XOMAO
5686,XOMAP
5687,WOLTF
5688,ONBPO
5689,ONBPP
5690,USB-PQ
5691,WFC-PD
5692,MNESP
5693,WFC-PZ
5694,WFCNP
5695,WFC-PA
5696,ODERF
5697,MAWAF
5698,CNDHF
5699,NGSCF
5700,NOFCF
5701,CPXWF
5702,EXOSF
5703,BLHWF
5704,DPCDF
5705,TOETF
5706,PCCOF
5707,NHKGF
5708,NNWWF
5709,STLJF
5710,AIKCF
5711,LKYRF
5712,RNKGF
5713,YMATF
5714,ALOVU
5715,SPIWF
5716,ZSHOF
5717,YMTKF
5718,ISSC
5719,KELRF
5720,PSBAF
5721,MBGCF
5722,MICLF
5723,FKURF
5724,MTMCF
5725,JELLF
5726,KYIVW
5727,ONWRF
5728,ASBRF
5729,GLIBK
5730,TOKCF
5731,LWSCF
5732,SBKLF
5733,DNACF
5734,RKWBF
5735,RKWAF
5736,ZAPWF
5737,LSBWF
5738,AAVXF
5739,AVVOF
5740,OIMAU
5741,HRIBF
5742,AIIA-UN
5743,NMPAU
5744,MGHTF
5745,PCPPF
5746,VWAVW
5747,HNSPF
5748,REECF
5749,ACFN
5750,CSCCF
5751,FUSEW
5752,GDERF
5753,OTGAU
5754,OTGAW
5755,OBIIF
5756,PARXF
5757,TMTNF
5758,WIPKF
5759,GPTGF
5760,IRHOU
5761,ACGP
5762,IBIDF
5763,MYSEW
5764,WEIBF
5765,FTAIM
5766,FTAIN
5767,HPHTF
5768,BCTXZ
5769,ARR-PC
5770,GRKZF
5771,NXPLW
5772,RNR-PG
5773,MLCMF
5774,VNO-PN
5775,VNO-PO
5776,ENBFF
5777,EBGEF
5778,EBBGF
5779,CSCIF
5780,SLFIF
5781,SUNFF
5782,MET-PF
5783,GOODN
5784,WAL-PA
5785,DLR-PL
5786,HUBCW
5787,HUBCZ
5788,NBRGU
5789,SBCWW
5790,COOTW
5791,ATCHW
5792,NMHIW
5793,HSPUF
5794,SLXNW
5795,TYNPF
5796,TYHOF
5797,ZOOZW
5798,MKDWW
5799,GLVHF
5800,BRRWW
5801,EURBF
5802,AWTRF
5803,SPHXF
5804,BKPKF
5805,FINGF
5806,TPZEF
5807,ALEGF
5808,SMFRF
5809,UYSCU
5810,LTMGF
5811,WLSS
5812,LCFYW
5813,MSSWF
5814,MSSUF
5815,PGYWW
5816,PRCWF
5817,TVGNW
5818,BFRIW
5819,MCAGU
5820,IGTAU
5821,IGTAW
5822,TOMYF
5823,INVZW
5824,NNFSF
5825,SABSW
5826,IINNW
5827,TBLAW
5828,DFLIW
5829,GDLG
5830,AEAEU
5831,AEAEW
5832,AIRJW
5833,NVAWW
5834,NVAAF
5835,GDEVW
5836,ILLRW
5837,NCLTF
5838,GFAIW
5839,ADYYF
5840,PSKRF
5841,CAHPF
5842,MEIUF